row_iter,kappa,r,g_r,g_r_err
1,1.0,0.06,0.0,0.0
2,1.0,0.18,0.0,0.0
3,1.0,0.3,0.0,0.0
4,1.0,0.42,0.0,0.0
5,1.0,0.54,3.145128824476649e-5,3.145128824476647e-5
6,1.0,0.66,0.00010293148880105408,4.891211331845888e-5
7,1.0,0.78,0.0004790273132664435,9.611146970129662e-5
8,1.0,0.9,0.0013398248792270539,0.00016655873350813333
9,1.0,1.02,0.0030470748081841462,0.0005259204727965612
10,1.0,1.1400000000000001,0.00522919050343249,0.00047552482079330773
11,1.0,1.2600000000000002,0.00993411404416841,0.0005198560194035539
12,1.0,1.38,0.0166760200063012,0.0008230999235588948
13,1.0,1.5,0.0272192028985507,0.0007771128839382694
14,1.0,1.62,0.0426164955716586,0.0009647101655844615
15,1.0,1.74,0.061619580834582785,0.001362358639152768
16,1.0,1.8599999999999999,0.091383239831697,0.0019332958169834614
17,1.0,1.98,0.12406675450153695,0.0020461219421612858
18,1.0,2.1,0.1643859989648037,0.002533131232279064
19,1.0,2.22,0.2107202311006658,0.0024224483834755727
20,1.0,2.3400000000000003,0.2689665784095127,0.003110446357198541
21,1.0,2.46,0.33031907255213977,0.0030895294804109577
22,1.0,2.58,0.40638428968655155,0.003085923519359116
23,1.0,2.7,0.4844064512882442,0.00419302983664162
24,1.0,2.8200000000000003,0.5700619603761954,0.004050636463873093
25,1.0,2.94,0.6538549523070096,0.004545501206327361
26,1.0,3.06,0.7420154429525423,0.004641356100601946
27,1.0,3.18,0.8256532847962813,0.0037187220943894423
28,1.0,3.3000000000000003,0.9034399703557308,0.004570968306074223
29,1.0,3.42,0.9762546084413966,0.004798471944869905
30,1.0,3.5399999999999996,1.0455383735568653,0.0034191398976650784
31,1.0,3.6599999999999997,1.0983485908172947,0.00394073378974131
32,1.0,3.78,1.156962596330803,0.004498651295502109
33,1.0,3.9,1.197603121516164,0.005718434807949817
34,1.0,4.02,1.2216896157797947,0.004414303437390916
35,1.0,4.140000000000001,1.2451551341629905,0.005059507562241819
36,1.0,4.26,1.2631005689936778,0.00471915677432607
37,1.0,4.38,1.2706557412646418,0.003405055144194545
38,1.0,4.5,1.262115036231883,0.0037562432920808147
39,1.0,4.62,1.2520476014022184,0.0034430851825196147
40,1.0,4.74,1.2394944734910995,0.0038519626061522282
41,1.0,4.86,1.21588933060476,0.003194552458632038
42,1.0,4.98,1.1850015551335853,0.003956502396788133
43,1.0,5.1,1.1546548646632555,0.0034983183760503326
44,1.0,5.220000000000001,1.1318429327003148,0.0038178742980442618
45,1.0,5.34,1.1048116654453648,0.004830537563001626
46,1.0,5.460000000000001,1.0797120112677183,0.004010744966378984
47,1.0,5.58,1.051153795582044,0.004635225243750422
48,1.0,5.7,1.019418025362324,0.0037754845961288997
49,1.0,5.82,0.9998669318691186,0.0030151526016365796
50,1.0,5.9399999999999995,0.9838792133289399,0.004577117087773671
51,1.0,6.0600000000000005,0.971823320239633,0.003539004029720908
52,1.0,6.18,0.9543902578443759,0.0034096711387462163
53,1.0,6.300000000000001,0.9514185429606618,0.0025699774659501177
54,1.0,6.42,0.9509626210551281,0.0029762626537639357
55,1.0,6.540000000000001,0.9522919159686194,0.0035338526248295827
56,1.0,6.66,0.9548075589176134,0.004663872977478595
57,1.0,6.780000000000001,0.9595587645889417,0.003888931674525611
58,1.0,6.9,0.9677432852867127,0.0032266841340523535
59,1.0,7.02,0.971842387433421,0.0026722368598836935
60,1.0,7.14,0.9891575516075978,0.0025245590025034896
61,1.0,7.26,1.001799429572404,0.0037524443680839654
62,1.0,7.38,1.0113951852833722,0.003672950645831013
63,1.0,7.5,1.0316394927536223,0.002567392210697316
64,1.0,7.62,1.033246141446994,0.002825949949307882
65,1.0,7.74,1.0510515847938415,0.0032111117221833075
66,1.0,7.86,1.0586741308496515,0.003191597401074515
67,1.0,7.98,1.067131568731609,0.0029025146277775003
68,1.0,8.100000000000001,1.075374060654857,0.0036102814733298717
69,1.0,8.22,1.0771485408071517,0.0026224883846549816
70,1.0,8.34,1.0769495816390349,0.002412365826739387
71,1.0,8.46,1.0796350633415643,0.002072606110905742
72,1.0,8.58,1.0762437290969915,0.0029183242072338936
73,1.0,8.7,1.0725203804347858,0.0028089222632904903
74,1.0,8.82,1.0760961993493015,0.003001281543804383
75,1.0,8.94,1.0697771526359288,0.0036399082964779987
76,1.0,9.06,1.0605211932527114,0.002919795823026742
77,1.0,9.18,1.0588020685327286,0.002755674535625333
78,1.0,9.3,1.0498571908602103,0.0024712715626214743
79,1.0,9.42,1.047138589841223,0.0031274974822540626
80,1.0,9.540000000000001,1.0360089953058045,0.003556953016783264
81,1.0,9.66,1.0249132882122602,0.004411057948211313
82,1.0,9.780000000000001,1.0247072830532602,0.0023553308579613835
83,1.0,9.9,1.0159200702678988,0.005642373637781705
84,1.0,10.02,1.0248456890566802,0.0039156507973488
85,1.0,10.14,1.0290729381056496,0.002661489076222174
86,1.0,10.26,1.0280317055470798,0.002875713791287419
87,1.0,10.379999999999999,1.045845506618072,0.004526510212959335
88,1.0,10.5,1.043408708592135,0.0026012572939598435
89,1.0,10.620000000000001,1.0531154686604411,0.0036067924717440246
90,1.0,10.74,1.059290808942594,0.0028824205723752046
91,1.0,10.86,1.0650200301265114,0.003026431344994541
92,1.0,10.98,1.0602775797893413,0.003109718328362536
93,1.0,11.100000000000001,1.0645120324128436,0.0035797817340389782
94,1.0,11.22,1.051060678718125,0.0026603536904963253
95,1.0,11.34,1.0429876207729516,0.0025595105322034164
96,1.0,11.46,1.0376875023712027,0.0024771439934915523
97,1.0,11.58,1.037473541807465,0.0025153648385406904
98,1.0,11.7,1.032433052303978,0.002811057179265034
99,1.0,11.82,1.0373072307437627,0.002916720553493033
100,1.0,11.94,1.0560430663280151,0.003610104843950933
101,2.2666666666666666,0.06,0.0,0.0
102,2.2666666666666666,0.18,0.0,0.0
103,2.2666666666666666,0.3,0.0,0.0
104,2.2666666666666666,0.42,0.0,0.0
105,2.2666666666666666,0.54,9.435386473429948e-5,6.941383922871427e-5
106,2.2666666666666666,0.66,0.00010293148880105408,4.891211331845888e-5
107,2.2666666666666666,0.78,0.0002830615942028984,0.00011647120240261553
108,2.2666666666666666,0.9,0.0006227355072463771,0.00012856988021451055
109,2.2666666666666666,1.02,0.0020313832054560973,0.0002875286653176663
110,2.2666666666666666,1.1400000000000001,0.003813882532417998,0.0004259749693801987
111,2.2666666666666666,1.2600000000000002,0.006699124396135276,0.0004450218438514252
112,2.2666666666666666,1.38,0.010633270321361061,0.0005886160941237754
113,2.2666666666666666,1.5,0.019100996376811577,0.0009310462847081991
114,2.2666666666666666,1.62,0.030895648819108952,0.001408850170540676
115,2.2666666666666666,1.74,0.042390913918041034,0.0012136174293773336
116,2.2666666666666666,1.8599999999999999,0.06506764258999528,0.0014376513017100984
117,2.2666666666666666,1.98,0.08946461901624933,0.002652156688548985
118,2.2666666666666666,2.1,0.1222583462732922,0.001938691732956207
119,2.2666666666666666,2.22,0.1677254700352525,0.002848526509106375
120,2.2666666666666666,2.3400000000000003,0.2136969876439981,0.0034422610364281663
121,2.2666666666666666,2.46,0.27456284243549056,0.0037942420418695458
122,2.2666666666666666,2.58,0.34461761670037033,0.002610379125878461
123,2.2666666666666666,2.7,0.41862922705313976,0.004009213873321049
124,2.2666666666666666,2.8200000000000003,0.5103961898704908,0.006907487344814467
125,2.2666666666666666,2.94,0.6091196668884943,0.004477676461267709
126,2.2666666666666666,3.06,0.7109674712276205,0.003889075443725857
127,2.2666666666666666,3.18,0.8244409266475256,0.00491288967315658
128,2.2666666666666666,3.3000000000000003,0.9331871706192346,0.006417104964462264
129,2.2666666666666666,3.42,1.043792111619632,0.005659729802162627
130,2.2666666666666666,3.5399999999999996,1.1274871039056737,0.005604342646208233
131,2.2666666666666666,3.6599999999999997,1.209266972558801,0.004911683070135218
132,2.2666666666666666,3.78,1.267801429146538,0.004610581203268928
133,2.2666666666666666,3.9,1.3061071627647702,0.006218774549513835
134,2.2666666666666666,4.02,1.3491391547696279,0.005921828651390001
135,2.2666666666666666,4.140000000000001,1.3488951572673804,0.007911635675320276
136,2.2666666666666666,4.26,1.3569414676464648,0.005045710176095713
137,2.2666666666666666,4.38,1.3547366674111572,0.006387434166290777
138,2.2666666666666666,4.5,1.3094731280193224,0.004082589143360814
139,2.2666666666666666,4.62,1.284882746329755,0.006576545812361847
140,2.2666666666666666,4.74,1.2567074848651594,0.00608437921170418
141,2.2666666666666666,4.86,1.19653630457148,0.006277754608696846
142,2.2666666666666666,4.98,1.1602490123537703,0.0044178614090735575
143,2.2666666666666666,5.1,1.098378889599317,0.004297922019268138
144,2.2666666666666666,5.220000000000001,1.057550651757453,0.0040771982141807935
145,2.2666666666666666,5.34,1.0186941509933216,0.0038155928355764995
146,2.2666666666666666,5.460000000000001,0.9829267200191117,0.003940198447024229
147,2.2666666666666666,5.58,0.9531870909303379,0.004138179874208961
148,2.2666666666666666,5.7,0.9237551249046575,0.0034972807537753817
149,2.2666666666666666,5.82,0.9026863420738094,0.004310285234049224
150,2.2666666666666666,5.9399999999999995,0.9051566388522891,0.004948041925507359
151,2.2666666666666666,6.0600000000000005,0.8904837494619029,0.004822935145899812
152,2.2666666666666666,6.18,0.9074487521105925,0.004268286927294437
153,2.2666666666666666,6.300000000000001,0.9142916451000684,0.0034371718630540737
154,2.2666666666666666,6.42,0.9308758296085615,0.005226754398887799
155,2.2666666666666666,6.540000000000001,0.9508090887182535,0.0042242218662469095
156,2.2666666666666666,6.66,0.9773198810223268,0.004045625739042952
157,2.2666666666666666,6.780000000000001,0.9960085810247503,0.004961146241257306
158,2.2666666666666666,6.9,1.0130060649023402,0.004398625783833853
159,2.2666666666666666,7.02,1.0363247863247873,0.004636892050313068
160,2.2666666666666666,7.14,1.0523088311411504,0.005442605154690118
161,2.2666666666666666,7.26,1.0704547326027065,0.003721217948580478
162,2.2666666666666666,7.38,1.0683918235242107,0.0045169110337559375
163,2.2666666666666666,7.5,1.0848369565217382,0.0028571545780957997
164,2.2666666666666666,7.62,1.0892455316387093,0.0038645932743104437
165,2.2666666666666666,7.74,1.0856509275643165,0.0032476383425785156
166,2.2666666666666666,7.86,1.0834150106483016,0.0044953124215782025
167,2.2666666666666666,7.98,1.0756276731230223,0.004937287751145954
168,2.2666666666666666,8.100000000000001,1.0727069914117007,0.003363525716791626
169,2.2666666666666666,8.22,1.0611855198085274,0.003410289824069742
170,2.2666666666666666,8.34,1.0552251133875492,0.0036319991354815165
171,2.2666666666666666,8.46,1.047685238719301,0.003106638300777984
172,2.2666666666666666,8.58,1.048636316129524,0.0037440875889519017
173,2.2666666666666666,8.7,1.0325891741629216,0.0053974436752421825
174,2.2666666666666666,8.82,1.0375439804544975,0.0038771349385723713
175,2.2666666666666666,8.94,1.031649325819471,0.004445552709015416
176,2.2666666666666666,9.06,1.0395296453594394,0.003822480926549881
177,2.2666666666666666,9.18,1.0358444781898284,0.0030057688630096445
178,2.2666666666666666,9.3,1.0382480130902245,0.0022746147792797994
179,2.2666666666666666,9.42,1.038985694752143,0.003149111071205901
180,2.2666666666666666,9.540000000000001,1.0444047090055584,0.0031911853655308517
181,2.2666666666666666,9.66,1.0492161479431086,0.003916781236632737
182,2.2666666666666666,9.780000000000001,1.0436741464390513,0.002819717125197901
183,2.2666666666666666,9.9,1.0562915157004853,0.0034418577724331057
184,2.2666666666666666,10.02,1.0534654197040811,0.0027355800550266313
185,2.2666666666666666,10.14,1.0520612243804115,0.004338998372024007
186,2.2666666666666666,10.26,1.0557932610814469,0.004719548791029181
187,2.2666666666666666,10.379999999999999,1.050441576086951,0.004327452170637478
188,2.2666666666666666,10.5,1.0483242753623212,0.002585048029914272
189,2.2666666666666666,10.620000000000001,1.0436241095553889,0.0038656194143141006
190,2.2666666666666666,10.74,1.043902695125899,0.004818684124348079
191,2.2666666666666666,10.86,1.050133492473376,0.003956976559826589
192,2.2666666666666666,10.98,1.0413789647184613,0.003134505185278325
193,2.2666666666666666,11.100000000000001,1.0391267626321934,0.00356469576401909
194,2.2666666666666666,11.22,1.042219166569787,0.0026079642086567
195,2.2666666666666666,11.34,1.048797123015878,0.0031882708974461885
196,2.2666666666666666,11.46,1.0448944580393105,0.002685393816708914
197,2.2666666666666666,11.58,1.0451132715701745,0.0027812419500586405
198,2.2666666666666666,11.7,1.0463321023783,0.003728620566021702
199,2.2666666666666666,11.82,1.0438535689325363,0.0032025428692945275
200,2.2666666666666666,11.94,1.0413096392287506,0.0029565873743561113
201,3.533333333333333,0.06,0.0,0.0
202,3.533333333333333,0.18,0.0,0.0
203,3.533333333333333,0.3,0.0,0.0
204,3.533333333333333,0.42,0.0,0.0
205,3.533333333333333,0.54,6.290257648953298e-5,6.290257648953294e-5
206,3.533333333333333,0.66,0.00010293148880105408,4.891211331845888e-5
207,3.533333333333333,0.78,0.0002830615942028984,0.00011647120240261553
208,3.533333333333333,0.9,0.0006416062801932371,0.0002424231612462032
209,3.533333333333333,1.02,0.001065643648763854,0.00019873104322812993
210,3.533333333333333,1.1400000000000001,0.0020410230739893193,0.00030441354736356595
211,3.533333333333333,1.2600000000000002,0.004205486542443071,0.0003814930728326323
212,3.533333333333333,1.38,0.006879627441713929,0.0005965274071045346
213,3.533333333333333,1.5,0.012103713768115936,0.0008718297101449268
214,3.533333333333333,1.62,0.01913286701556628,0.001074746101811249
215,3.533333333333333,1.74,0.027740036231884087,0.0015053121830225556
216,3.533333333333333,1.8599999999999999,0.04266925257129499,0.0021285890946413258
217,3.533333333333333,1.98,0.05947724527887563,0.0026669065340215784
218,3.533333333333333,2.1,0.09298977743271243,0.004753541649330172
219,3.533333333333333,2.22,0.12063014101057572,0.0024974290419536435
220,3.533333333333333,2.3400000000000003,0.1582386891490149,0.005450615037937352
221,3.533333333333333,2.46,0.2033348798161902,0.006921434681333213
222,3.533333333333333,2.58,0.2673023045163461,0.009213181844070585
223,3.533333333333333,2.7,0.34579433373590945,0.006896588631781729
224,3.533333333333333,2.8200000000000003,0.44056429232192457,0.011027935093907381
225,3.533333333333333,2.94,0.5630499482401654,0.007630935785062608
226,3.533333333333333,3.06,0.6551876864876378,0.00693327054760411
227,3.533333333333333,3.18,0.7885241488925351,0.013635595185292197
228,3.533333333333333,3.3000000000000003,0.9690690876152824,0.02685160540470047
229,3.533333333333333,3.42,1.0983087814645343,0.02060548133504687
230,3.533333333333333,3.5399999999999996,1.176547915131417,0.005978043990313699
231,3.533333333333333,3.6599999999999997,1.300120463589925,0.011353836280040861
232,3.533333333333333,3.78,1.366482092535082,0.014888231203091778
233,3.533333333333333,3.9,1.4038156702898539,0.0274000215165791
234,3.533333333333333,4.02,1.483749729612803,0.01513640827221927
235,3.533333333333333,4.140000000000001,1.4834232566687662,0.009708039502272798
236,3.533333333333333,4.26,1.4485936224229499,0.009234853298415243
237,3.533333333333333,4.38,1.424427982926345,0.010692433986005516
238,3.533333333333333,4.5,1.3994565217391293,0.01442686966217615
239,3.533333333333333,4.62,1.3145895092226592,0.013403574926091281
240,3.533333333333333,4.74,1.2570944551458416,0.00619889544546766
241,3.533333333333333,4.86,1.2044480508588307,0.0034928794956344605
242,3.533333333333333,4.98,1.1773929958966378,0.04098125777914408
243,3.533333333333333,5.1,1.0926210837595898,0.01962939842331021
244,3.533333333333333,5.220000000000001,1.0147270114942513,0.005100463373807679
245,3.533333333333333,5.34,0.9409571680100943,0.014968122102094545
246,3.533333333333333,5.460000000000001,0.9077692009077883,0.005365087809034004
247,3.533333333333333,5.58,0.8593445632694378,0.005435021018364047
248,3.533333333333333,5.7,0.819508009153322,0.015112612017655574
249,3.533333333333333,5.82,0.8164576096294646,0.009441493902982464
250,3.533333333333333,5.9399999999999995,0.7864995059288522,0.020670387901296657
251,3.533333333333333,6.0600000000000005,0.8060977633089399,0.00873711404266365
252,3.533333333333333,6.18,0.8357242419445592,0.0052118968928261365
253,3.533333333333333,6.300000000000001,0.8741319444444438,0.011626577848021638
254,3.533333333333333,6.42,0.9048817807801718,0.003924183896352465
255,3.533333333333333,6.540000000000001,0.9485212239063936,0.011788243275092335
256,3.533333333333333,6.66,0.9865512591395746,0.005517861712966713
257,3.533333333333333,6.780000000000001,1.0128870679427955,0.006127933808022848
258,3.533333333333333,6.9,1.0502003583806017,0.006727810267417617
259,3.533333333333333,7.02,1.0869686183884564,0.004676031339106251
260,3.533333333333333,7.14,1.1052223199062214,0.00447749107267122
261,3.533333333333333,7.26,1.1309831267217634,0.011565004043915876
262,3.533333333333333,7.38,1.1332727627547985,0.009510853227838498
263,3.533333333333333,7.5,1.16808197463768,0.024639358198648615
264,3.533333333333333,7.62,1.14308072649207,0.008103410774254683
265,3.533333333333333,7.74,1.1176368877092442,0.013901923715530258
266,3.533333333333333,7.86,1.1171144657871444,0.008767108754570152
267,3.533333333333333,7.98,1.0908065850768196,0.00473981089813693
268,3.533333333333333,8.100000000000001,1.0876966753891566,0.008793575594034521
269,3.533333333333333,8.22,1.05132381915794,0.0059719595378569055
270,3.533333333333333,8.34,1.0281856036909585,0.008877886010721276
271,3.533333333333333,8.46,1.019854863680756,0.0040590807887094975
272,3.533333333333333,8.58,0.9932314628306488,0.010274119362057436
273,3.533333333333333,8.7,1.0032229978760647,0.004386632098801782
274,3.533333333333333,8.82,1.004712686705114,0.004094210271701906
275,3.533333333333333,8.94,1.0113296827886378,0.00728746938663306
276,3.533333333333333,9.06,0.990149456521739,0.010357405539152926
277,3.533333333333333,9.18,1.0161578218243834,0.0036667787101386604
278,3.533333333333333,9.3,1.0278276940158906,0.003830291414293318
279,3.533333333333333,9.42,1.0425194573294532,0.005270592436176501
280,3.533333333333333,9.540000000000001,1.0490227075927427,0.007494833590232121
281,3.533333333333333,9.66,1.0694365913898638,0.007680771441604318
282,3.533333333333333,9.780000000000001,1.0769139131546202,0.0070439595958627045
283,3.533333333333333,9.9,1.0811683410188873,0.0062395138700802235
284,3.533333333333333,10.02,1.106403022758842,0.024166316557535622
285,3.533333333333333,10.14,1.0663968704442144,0.0058132022805602954
286,3.533333333333333,10.26,1.0695788573184166,0.0067251375784240204
287,3.533333333333333,10.379999999999999,1.0559391885523945,0.00464710421162951
288,3.533333333333333,10.5,1.0423977743271247,0.009239111653875772
289,3.533333333333333,10.620000000000001,1.0302130670187477,0.006882160853473671
290,3.533333333333333,10.74,1.0427830995465943,0.01043001708912635
291,3.533333333333333,10.86,1.0295700841740731,0.007628605464670882
292,3.533333333333333,10.98,1.0158632048388385,0.006885959572839056
293,3.533333333333333,11.100000000000001,1.034750783392084,0.007472780893560303
294,3.533333333333333,11.22,1.0334957228938981,0.0037683928586495917
295,3.533333333333333,11.34,1.0395789001993756,0.008033652502618371
296,3.533333333333333,11.46,1.054038384930577,0.0038384204576079606
297,3.533333333333333,11.58,1.053905780675078,0.005138593610827989
298,3.533333333333333,11.7,1.0543666968599057,0.004179973901146661
299,3.533333333333333,11.82,1.0516456655079793,0.007001609187465257
300,3.533333333333333,11.94,1.0306727819350359,0.0037523814662248326
301,4.8,0.06,0.0,0.0
302,4.8,0.18,0.0,0.0
303,4.8,0.3,0.0,0.0
304,4.8,0.42,0.0,0.0
305,4.8,0.54,0.0,0.0
306,4.8,0.66,5.146574440052704e-5,3.580000121666322e-5
307,4.8,0.78,0.00019596571906354505,9.507153139509772e-5
308,4.8,0.9,0.0003396739130434784,0.00012106934128528468
309,4.8,1.02,0.0007992327365728907,0.0001332054560954817
310,4.8,1.1400000000000001,0.0012663281845919135,0.00020930843332565252
311,4.8,1.2600000000000002,0.004003299689441,0.0008579188959233053
312,4.8,1.38,0.0042951520163831145,0.00037610062057792
313,4.8,1.5,0.008378623188405793,0.0005847083754738905
314,4.8,1.62,0.01351357018250134,0.00072886780982025
315,4.8,1.74,0.021473638180909575,0.0007782102288713225
316,4.8,1.8599999999999999,0.030652831346423545,0.0011239005471883395
317,4.8,1.98,0.04732275197628453,0.0017510115570484883
318,4.8,2.1,0.06761128364389249,0.0017249190420503858
319,4.8,2.22,0.09265294506462979,0.0015887948244260207
320,4.8,2.3400000000000003,0.12297211770717181,0.002074082800000239
321,4.8,2.46,0.16405145369388538,0.00316714365224493
322,4.8,2.58,0.21960313447927174,0.0021654150057537156
323,4.8,2.7,0.3026054247181962,0.0037715521971603385
324,4.8,2.8200000000000003,0.38824607809127387,0.003314406591578836
325,4.8,2.94,0.49319727891156456,0.0035169692515731555
326,4.8,3.06,0.621830820190394,0.004181832215839393
327,4.8,3.18,0.763139398755811,0.004486457658024323
328,4.8,3.3000000000000003,0.9244431406455853,0.005587515357651601
329,4.8,3.42,1.0807390986524317,0.0054966172816425995
330,4.8,3.5399999999999996,1.2411483281134852,0.00584099552101094
331,4.8,3.6599999999999997,1.361011188821571,0.0038502119663947967
332,4.8,3.78,1.470487009719347,0.005988852892499645
333,4.8,3.9,1.5461129110925294,0.006052433756781812
334,4.8,4.02,1.5833620619727422,0.007996468743536694
335,4.8,4.140000000000001,1.575266488132744,0.005345318293057795
336,4.8,4.26,1.563723942386208,0.006990775659893948
337,4.8,4.38,1.5201958631129637,0.004859947448909377
338,4.8,4.5,1.455431008454105,0.006482117498386822
339,4.8,4.62,1.3686616259646134,0.006087846191242417
340,4.8,4.74,1.2802159294166178,0.005031507234791521
341,4.8,4.86,1.2169621689926649,0.004805814624254247
342,4.8,4.98,1.129814775405979,0.004717405282936417
343,4.8,5.1,1.037004475703324,0.005794817138591629
344,4.8,5.220000000000001,0.962464731176077,0.004530952029891232
345,4.8,5.34,0.9013190034196369,0.004844324143579574
346,4.8,5.460000000000001,0.8380831690953977,0.004220985842101055
347,4.8,5.58,0.7962400898005271,0.004280108543682164
348,4.8,5.7,0.7632979357360832,0.003364554013218955
349,4.8,5.82,0.7451640239802788,0.0036293944873190234
350,4.8,5.9399999999999995,0.7330694856170386,0.0032237579960445236
351,4.8,6.0600000000000005,0.7577418747309516,0.0060775439156774405
352,4.8,6.18,0.7789662700506521,0.0028728051005264452
353,4.8,6.300000000000001,0.8113461870255342,0.0034721287772312456
354,4.8,6.42,0.8595734076594893,0.0040302990567216285
355,4.8,6.540000000000001,0.9082277955059151,0.0035061454160100385
356,4.8,6.66,0.9739639435631283,0.006040908674786017
357,4.8,6.780000000000001,1.0211158939335612,0.003720263110075094
358,4.8,6.9,1.0769386027095245,0.0037994507924286893
359,4.8,7.02,1.12351259599901,0.004087190947586123
360,4.8,7.14,1.1534783750456685,0.005091986331602487
361,4.8,7.26,1.1721206319619115,0.004071796086093766
362,4.8,7.38,1.1899817367738863,0.004444042819688049
363,4.8,7.5,1.1991621376811585,0.0037096365481815714
364,4.8,7.62,1.1810042936209073,0.0031575307662833675
365,4.8,7.74,1.1756162404505093,0.004994818696705356
366,4.8,7.86,1.1514427066047126,0.0047073556845595105
367,4.8,7.98,1.120872834259559,0.0032910177730297507
368,4.8,8.100000000000001,1.0877302234299506,0.00393787594171952
369,4.8,8.22,1.0525325128266168,0.0034074961510983845
370,4.8,8.34,1.0252124387446546,0.003277991917063306
371,4.8,8.46,1.0056415580995044,0.0035497681188662493
372,4.8,8.58,0.9828076701378345,0.0037702041099463776
373,4.8,8.7,0.970428848075965,0.0032740936583106678
374,4.8,8.82,0.9713152697673241,0.0026864494871652904
375,4.8,8.94,0.9697823199348294,0.0034829225932099172
376,4.8,9.06,0.9776272614934255,0.0033819164547143365
377,4.8,9.18,0.995479524841339,0.003525540151640288
378,4.8,9.3,1.0142608257363208,0.005184645305722157
379,4.8,9.42,1.0324734751453861,0.003874004231235538
380,4.8,9.540000000000001,1.0526330781150288,0.0031657444244214007
381,4.8,9.66,1.0737967948285172,0.0037626478356759846
382,4.8,9.780000000000001,1.0947763153507617,0.00305666109042011
383,4.8,9.9,1.1005949440052722,0.0033365366108456065
384,4.8,10.02,1.107736971708768,0.004332447277597174
385,4.8,10.14,1.1057390821970654,0.003679700250650538
386,4.8,10.26,1.093673854775828,0.0033010632656911222
387,4.8,10.379999999999999,1.0717644587207782,0.003965941076158085
388,4.8,10.5,1.0554590450310581,0.003394974571622818
389,4.8,10.620000000000001,1.0337633310816312,0.0032814346807577776
390,4.8,10.74,1.011840830195934,0.0031045230853974787
391,4.8,10.86,1.0061056855032422,0.003035539656784959
392,4.8,10.98,1.0068686519957246,0.0035743055099538967
393,4.8,11.100000000000001,1.008903434684681,0.0034090770038799445
394,4.8,11.22,1.0284626758311994,0.0031662372717061456
395,4.8,11.34,1.0416741550686344,0.00407716318648334
396,4.8,11.46,1.056911978810993,0.002066394481351113
397,4.8,11.58,1.0737992908500424,0.003180847641031279
398,4.8,11.7,1.0716363573021206,0.003441008701436115
399,4.8,11.82,1.051980454094016,0.004209336918146872
400,4.8,11.94,1.0151641358968742,0.0035896787676724523
401,6.066666666666666,0.06,0.0,0.0
402,6.066666666666666,0.18,0.0,0.0
403,6.066666666666666,0.3,0.0,0.0
404,6.066666666666666,0.42,0.0,0.0
405,6.066666666666666,0.54,6.290257648953298e-5,4.3755557042588336e-5
406,6.066666666666666,0.66,7.719861660079056e-5,5.6793141187129916e-5
407,6.066666666666666,0.78,0.0002177396878483834,0.00010107528633162192
408,6.066666666666666,0.9,0.00020757850241545905,8.40516803465319e-5
409,6.066666666666666,1.02,0.0005994245524296679,0.00016532093580021797
410,6.066666666666666,1.1400000000000001,0.001504695842868038,0.0004656046022221038
411,6.066666666666666,1.2600000000000002,0.0017792443064182223,0.00019439868419297753
412,6.066666666666666,1.38,0.004184388783868935,0.0004941038624242226
413,6.066666666666666,1.5,0.006193387681159417,0.000671433834629396
414,6.066666666666666,1.62,0.010347473832528181,0.0008573124501778139
415,6.066666666666666,1.74,0.015822167041479287,0.0006841399098665161
416,6.066666666666666,1.8599999999999999,0.022562748363721345,0.0008561870822557882
417,6.066666666666666,1.98,0.03681516249451027,0.0014184512862353048
418,6.066666666666666,2.1,0.05037687629399597,0.0015765971561188179
419,6.066666666666666,2.22,0.0716604852134743,0.0015792310582578445
420,6.066666666666666,2.3400000000000003,0.10237394323671478,0.0024136431804464013
421,6.066666666666666,2.46,0.1387968363379291,0.002266056600020537
422,6.066666666666666,2.58,0.18513544826423978,0.002713773855758107
423,6.066666666666666,2.7,0.2575231481481479,0.0032839785909424346
424,6.066666666666666,2.8200000000000003,0.34211306082331205,0.0034808420757025033
425,6.066666666666666,2.94,0.44795363797692983,0.0035507067582268514
426,6.066666666666666,3.06,0.5836674570190387,0.0039924875774069515
427,6.066666666666666,3.18,0.7357732174596665,0.004514765142309323
428,6.066666666666666,3.3000000000000003,0.9155241271409742,0.005106113733234665
429,6.066666666666666,3.42,1.0881235300661105,0.0045600833292388865
430,6.066666666666666,3.5399999999999996,1.2732398366494713,0.004968514575563339
431,6.066666666666666,3.6599999999999997,1.415391497386551,0.005075259847106872
432,6.066666666666666,3.78,1.5440605590062115,0.004535160666892414
433,6.066666666666666,3.9,1.6347503832218493,0.004184699518964423
434,6.066666666666666,4.02,1.664021941920828,0.005531680767411825
435,6.066666666666666,4.140000000000001,1.6657190256773777,0.006403698807114597
436,6.066666666666666,4.26,1.6343218960502222,0.006438891553244932
437,6.066666666666666,4.38,1.5788206335616437,0.0037020909444983197
438,6.066666666666666,4.5,1.4967127113526555,0.006492023201968696
439,6.066666666666666,4.62,1.4102275668172384,0.004650978376433826
440,6.066666666666666,4.74,1.3126891854705525,0.005235309680059579
441,6.066666666666666,4.86,1.2074114611290039,0.004399243067402575
442,6.066666666666666,4.98,1.1146795060677561,0.004224032914990466
443,6.066666666666666,5.1,1.0165840792838867,0.0035013946719294623
444,6.066666666666666,5.220000000000001,0.9346466089871718,0.0034698800222789854
445,6.066666666666666,5.34,0.8595499257042806,0.003836760743151234
446,6.066666666666666,5.460000000000001,0.7963922400063705,0.004476371983811954
447,6.066666666666666,5.58,0.7512272089761546,0.003950770075272611
448,6.066666666666666,5.7,0.7110298674675856,0.0034974893992469652
449,6.066666666666666,5.82,0.6909562696100412,0.0033623995202159474
450,6.066666666666666,5.9399999999999995,0.6864415211901612,0.0031803601440105467
451,6.066666666666666,6.0600000000000005,0.699072454799828,0.0030528743960822158
452,6.066666666666666,6.18,0.7215982042352589,0.00378344303108222
453,6.066666666666666,6.300000000000001,0.7656088250517592,0.0030120297678317208
454,6.066666666666666,6.42,0.8204659352566717,0.0036989976189754628
455,6.066666666666666,6.540000000000001,0.8769923381199294,0.002945188549701863
456,6.066666666666666,6.66,0.9439543143687164,0.003521493622672084
457,6.066666666666666,6.780000000000001,1.0129972866166448,0.0035651837498257154
458,6.066666666666666,6.9,1.0788486531191022,0.003948597878424286
459,6.066666666666666,7.02,1.1405664522172687,0.004146354065413819
460,6.066666666666666,7.14,1.1770866634697337,0.0038284456280234056
461,6.066666666666666,7.26,1.218451498682477,0.003191377466398862
462,6.066666666666666,7.38,1.233435143454692,0.0033386697848014186
463,6.066666666666666,7.5,1.2435643115942019,0.003164434647607744
464,6.066666666666666,7.62,1.2397317735079323,0.003952153660575568
465,6.066666666666666,7.74,1.2205791484102888,0.004072402814814748
466,6.066666666666666,7.86,1.1967109539218939,0.0034327308399357847
467,6.066666666666666,7.98,1.1496493441484115,0.0038427563551561884
468,6.066666666666666,8.100000000000001,1.1094882246376803,0.0038958448674090776
469,6.066666666666666,8.22,1.0686649575531584,0.0032760833311956945
470,6.066666666666666,8.34,1.0260616235272635,0.0027480731389040083
471,6.066666666666666,8.46,0.9943231093894618,0.0035339227501669413
472,6.066666666666666,8.58,0.9713822748809172,0.00339837255932997
473,6.066666666666666,8.7,0.9527150487256401,0.0034330147106643727
474,6.066666666666666,8.82,0.9511620544957085,0.002885407128375779
475,6.066666666666666,8.94,0.9430947409055525,0.0031326238217719545
476,6.066666666666666,9.06,0.9505826944764374,0.0028098235440758533
477,6.066666666666666,9.18,0.9619876030122211,0.0029050967529354915
478,6.066666666666666,9.3,0.9884967420523566,0.003394522242460405
479,6.066666666666666,9.42,1.0100629298209145,0.0030506417115164683
480,6.066666666666666,9.540000000000001,1.0468240845182741,0.003539762926602446
481,6.066666666666666,9.66,1.073717678233864,0.004537596106099096
482,6.066666666666666,9.780000000000001,1.0941580949364287,0.00291831612660982
483,6.066666666666666,9.9,1.1173230264602574,0.0034216406162218787
484,6.066666666666666,10.02,1.129302197235975,0.004256791401144944
485,6.066666666666666,10.14,1.123618860410769,0.003771115712622513
486,6.066666666666666,10.26,1.1127614760784807,0.0031553756200691724
487,6.066666666666666,10.379999999999999,1.0994390471852165,0.0037083258503504994
488,6.066666666666666,10.5,1.0738580486542468,0.003379181426898245
489,6.066666666666666,10.620000000000001,1.042899663780395,0.002997319918806286
490,6.066666666666666,10.74,1.0163587462553625,0.003436448942731938
491,6.066666666666666,10.86,0.9931442794659295,0.003356009834926357
492,6.066666666666666,10.98,0.986355193731687,0.004279126768838796
493,6.066666666666666,11.100000000000001,0.9875529401684255,0.0041071183405527135
494,6.066666666666666,11.22,1.0077250082345164,0.003135782100818823
495,6.066666666666666,11.34,1.0296432884748148,0.003567168866626452
496,6.066666666666666,11.46,1.0640092666363212,0.0033435992774469075
497,6.066666666666666,11.58,1.0832356550837285,0.0037122306314607357
498,6.066666666666666,11.7,1.0838021994611693,0.0038208370601912913
499,6.066666666666666,11.82,1.0604521858677232,0.004125841142347092
500,6.066666666666666,11.94,1.0046752102905818,0.0036785844065131326
501,7.333333333333333,0.06,0.0,0.0
502,7.333333333333333,0.18,0.0,0.0
503,7.333333333333333,0.3,0.0,0.0
504,7.333333333333333,0.42,0.0,0.0
505,7.333333333333333,0.54,0.0,0.0
506,7.333333333333333,0.66,5.146574440052704e-5,3.580000121666322e-5
507,7.333333333333333,0.78,8.709587513935335e-5,6.058461744358383e-5
508,7.333333333333333,0.9,5.661231884057973e-5,3.1613200708564125e-5
509,7.333333333333333,1.02,0.0004162670502983805,0.00015080799293754277
510,7.333333333333333,1.1400000000000001,0.0009385726544622416,0.0002156433540650736
511,7.333333333333333,1.2600000000000002,0.0018331608005521076,0.00044713060588232723
512,7.333333333333333,1.38,0.005501240548204159,0.0019381917751390874
513,7.333333333333333,1.5,0.004857336956521736,0.0005095108695652168
514,7.333333333333333,1.62,0.009372483896940419,0.0009351443577784061
515,7.333333333333333,1.74,0.012688968015992022,0.0007939427158568531
516,7.333333333333333,1.8599999999999999,0.020964820009350144,0.0012233147506344184
517,7.333333333333333,1.98,0.031128197738252046,0.0013945356983193356
518,7.333333333333333,2.1,0.042912137681159514,0.002248588059800189
519,7.333333333333333,2.22,0.06469104974539754,0.0015760819493760639
520,7.333333333333333,2.3400000000000003,0.09123292920847252,0.0028898749621011923
521,7.333333333333333,2.46,0.11751888918345746,0.002687260051375011
522,7.333333333333333,2.58,0.17187763313110865,0.003102786249602551
523,7.333333333333333,2.7,0.2312739029790659,0.004038209343823716
524,7.333333333333333,2.8200000000000003,0.31508971245760126,0.00334502534051739
525,7.333333333333333,2.94,0.4233734934191066,0.004248995631365383
526,7.333333333333333,3.06,0.5759193396561516,0.006678703227574061
527,7.333333333333333,3.18,0.7290918956795189,0.008429133069758442
528,7.333333333333333,3.3000000000000003,0.9022047924901179,0.006739524060444089
529,7.333333333333333,3.42,1.1020084461606952,0.003973750443536349
530,7.333333333333333,3.5399999999999996,1.2820339366863176,0.009870665245610559
531,7.333333333333333,3.6599999999999997,1.4579899471370854,0.006346317864674003
532,7.333333333333333,3.78,1.5837341126063953,0.006207174273625059
533,7.333333333333333,3.9,1.679160569955406,0.008238281005345778
534,7.333333333333333,4.02,1.7303301765628352,0.00731057101058558
535,7.333333333333333,4.140000000000001,1.7257116742806131,0.010160348449218478
536,7.333333333333333,4.26,1.6909142809757167,0.007223867284154049
537,7.333333333333333,4.38,1.6145523128846533,0.010221098521096098
538,7.333333333333333,4.5,1.5329634661835732,0.008834082319639686
539,7.333333333333333,4.62,1.433519492283077,0.006811608174764323
540,7.333333333333333,4.74,1.3127572635754876,0.006814028882686218
541,7.333333333333333,4.86,1.2175772164072294,0.005864515569822786
542,7.333333333333333,4.98,1.1024942159944195,0.004480543044550947
543,7.333333333333333,5.1,1.0015851449275355,0.00670709750434876
544,7.333333333333333,5.220000000000001,0.9159970795852058,0.006412714862050168
545,7.333333333333333,5.34,0.8411222978749371,0.005890009673931393
546,7.333333333333333,5.460000000000001,0.7662912834448162,0.006067253709361729
547,7.333333333333333,5.58,0.7198773764999198,0.0035546382249591947
548,7.333333333333333,5.7,0.6747920242181573,0.005781457214493132
549,7.333333333333333,5.82,0.649524223068879,0.004287170606660653
550,7.333333333333333,5.9399999999999995,0.6502954133728579,0.0049796661630829775
551,7.333333333333333,6.0600000000000005,0.6520141654111064,0.0035535061723257215
552,7.333333333333333,6.18,0.6789575858308688,0.0029364251750447507
553,7.333333333333333,6.300000000000001,0.717706715838509,0.004680675559150853
554,7.333333333333333,6.42,0.7749591544765012,0.004309750589849174
555,7.333333333333333,6.540000000000001,0.8519556699574509,0.00510670069206687
556,7.333333333333333,6.66,0.9247265267985375,0.005456556458352211
557,7.333333333333333,6.780000000000001,1.0013917612543255,0.0036021520534917023
558,7.333333333333333,6.9,1.0715210499369976,0.005071210871551499
559,7.333333333333333,7.02,1.1399156524835883,0.00418955858395338
560,7.333333333333333,7.14,1.197957104037265,0.0058452172880681195
561,7.333333333333333,7.26,1.2410402817702721,0.005499455493767363
562,7.333333333333333,7.38,1.2694691145280985,0.006761943319487105
563,7.333333333333333,7.5,1.2780208333333325,0.005912912489206839
564,7.333333333333333,7.62,1.2781523700502124,0.005543677350895601
565,7.333333333333333,7.74,1.2526704337995707,0.005724411380118616
566,7.333333333333333,7.86,1.2342976442360878,0.007152426714389862
567,7.333333333333333,7.98,1.1852938221913447,0.004056499173785781
568,7.333333333333333,8.100000000000001,1.139553559447127,0.004731712007664093
569,7.333333333333333,8.22,1.0868883390193598,0.006768348428915546
570,7.333333333333333,8.34,1.046321909863412,0.0037987464098866537
571,7.333333333333333,8.46,0.9894387912426843,0.005551873796980591
572,7.333333333333333,8.58,0.9737140689926029,0.00491639452502738
573,7.333333333333333,8.7,0.9397332583708172,0.005138232062438198
574,7.333333333333333,8.82,0.9310916395543696,0.004561166309742682
575,7.333333333333333,8.94,0.914564411900592,0.005217942003829694
576,7.333333333333333,9.06,0.9245260311690181,0.003264283942555972
577,7.333333333333333,9.18,0.939116966230938,0.0036506387664435257
578,7.333333333333333,9.3,0.9631271183964427,0.003314428308944412
579,7.333333333333333,9.42,0.9900827477383888,0.004534715846023534
580,7.333333333333333,9.540000000000001,1.0280886114529195,0.005798526923379019
581,7.333333333333333,9.66,1.0696510852687005,0.0043927747894953635
582,7.333333333333333,9.780000000000001,1.1046365836445287,0.005276747371819092
583,7.333333333333333,9.9,1.1233616738032526,0.003917436235959326
584,7.333333333333333,10.02,1.142016239260621,0.0041382339690375775
585,7.333333333333333,10.14,1.1457512622202193,0.00565397932215015
586,7.333333333333333,10.26,1.1447855088354941,0.004699498439302259
587,7.333333333333333,10.379999999999999,1.1242404786587856,0.0028933151227068838
588,7.333333333333333,10.5,1.0940039466873732,0.004517231930077352
589,7.333333333333333,10.620000000000001,1.052749247727828,0.004133277526759435
590,7.333333333333333,10.74,1.0115150721601471,0.0034066217853072735
591,7.333333333333333,10.86,0.9888858445431978,0.003967482809130256
592,7.333333333333333,10.98,0.973571018452523,0.003341363116303928
593,7.333333333333333,11.100000000000001,0.9651543527222838,0.004192023360924369
594,7.333333333333333,11.22,0.9789450612260692,0.005129603492469019
595,7.333333333333333,11.34,1.012012594893034,0.004171700158004723
596,7.333333333333333,11.46,1.048895852302912,0.0038906800012170847
597,7.333333333333333,11.58,1.098485781801458,0.007450667145357857
598,7.333333333333333,11.7,1.1064413206057253,0.0057215039271905676
599,7.333333333333333,11.82,1.081793880581915,0.005422879726662607
600,7.333333333333333,11.94,0.9874141427244906,0.0047216130045565985
601,8.6,0.06,0.0,0.0
602,8.6,0.18,0.0,0.0
603,8.6,0.3,0.0,0.0
604,8.6,0.42,0.0,0.0
605,8.6,0.54,0.0,0.0
606,8.6,0.66,0.0,0.0
607,8.6,0.78,8.709587513935335e-5,5.1881566783485766e-5
608,8.6,0.9,0.00013209541062801937,5.899703100742357e-5
609,8.6,1.02,0.00044956841432225084,0.00024056745840685663
610,8.6,1.1400000000000001,0.0006108171243325699,0.00013911357878701165
611,8.6,1.2600000000000002,0.0019814311594202926,0.0004533204826488256
612,8.6,1.38,0.002953686200378073,0.0006291860791024927
613,8.6,1.5,0.005117753623188405,0.0005179830079858996
614,8.6,1.62,0.008544266639828234,0.000882468018670355
615,8.6,1.74,0.01235710269865069,0.0009119192212961045
616,8.6,1.8599999999999999,0.021631384408602145,0.0018439547148049406
617,8.6,1.98,0.03051918642951248,0.0016186428312381833
618,8.6,2.1,0.03927277432712223,0.0018012409765734883
619,8.6,2.22,0.056864779181355254,0.002383610979315657
620,8.6,2.3400000000000003,0.08237818190263824,0.0030115231878882127
621,8.6,2.46,0.11947270457758971,0.0030353966221057954
622,8.6,2.58,0.15924518663633283,0.0030208202138788188
623,8.6,2.7,0.2221593196457325,0.0028168675375314944
624,8.6,2.8200000000000003,0.30869974753314866,0.003909659927187749
625,8.6,2.94,0.41327570430346044,0.004374288728200303
626,8.6,3.06,0.5476742327365721,0.0056793007920453616
627,8.6,3.18,0.7199591536778783,0.00816184750175573
628,8.6,3.3000000000000003,0.9025187335309608,0.00568253206176534
629,8.6,3.42,1.106045798372747,0.008503683204433196
630,8.6,3.5399999999999996,1.314288565463031,0.009563873318763376
631,8.6,3.6599999999999997,1.4771824512948424,0.005759996151924679
632,8.6,3.78,1.6319938678974006,0.00896045369977717
633,8.6,3.9,1.726497178093644,0.007141197333238931
634,8.6,4.02,1.781386883517193,0.009460245249590965
635,8.6,4.140000000000001,1.7690775309808857,0.008075512562880397
636,8.6,4.26,1.7361642682180118,0.010087284961541865
637,8.6,4.38,1.6498535834822312,0.009669580125208268
638,8.6,4.5,1.5391077898550711,0.010239614124109842
639,8.6,4.62,1.4355817981836978,0.005520045625269143
640,8.6,4.74,1.3369321569436776,0.0066835698721018815
641,8.6,4.86,1.2094872461531585,0.008792752952490865
642,8.6,4.98,1.0976241924218684,0.006712755985652903
643,8.6,5.1,0.9926603793691384,0.004967565782461193
644,8.6,5.220000000000001,0.8895877582042296,0.00521662682757207
645,8.6,5.34,0.8132804866878339,0.005774944922491846
646,8.6,5.460000000000001,0.739518633540373,0.0049151698039284165
647,8.6,5.58,0.6849268787985016,0.004753438417005849
648,8.6,5.7,0.643309615751338,0.005415778250558547
649,8.6,5.82,0.6246031301359637,0.00408664701933511
650,8.6,5.9399999999999995,0.6202794475552617,0.005734671403262745
651,8.6,6.0600000000000005,0.621894730233893,0.00560044043648647
652,8.6,6.18,0.6448253042774711,0.0035894314647619743
653,8.6,6.300000000000001,0.6850467995169077,0.005037790696823748
654,8.6,6.42,0.7424388163686856,0.004697286503193817
655,8.6,6.540000000000001,0.819450330740591,0.006114090296957839
656,8.6,6.66,0.8928527712495107,0.0048523338441209506
657,8.6,6.780000000000001,0.9850443279466436,0.0065495265859714215
658,8.6,6.9,1.0558665130749934,0.0066333488055885
659,8.6,7.02,1.135239087854578,0.005547739023751712
660,8.6,7.14,1.2030807567592232,0.004668256440349248
661,8.6,7.26,1.2640899172056537,0.0056166526918571425
662,8.6,7.38,1.3057953524508037,0.004822421988636692
663,8.6,7.5,1.3175656702898537,0.007590986160370314
664,8.6,7.62,1.3207141354273662,0.005280784888103085
665,8.6,7.74,1.2970364987080079,0.0060459925889323534
666,8.6,7.86,1.2651880911881845,0.0076269367975816725
667,8.6,7.98,1.2137170371581096,0.007698405647789276
668,8.6,8.100000000000001,1.165974738325281,0.0040701243304948455
669,8.6,8.22,1.1032150011900992,0.004924824582105517
670,8.6,8.34,1.0514048000729836,0.006532339474461374
671,8.6,8.46,0.9887562313701382,0.005755333404515546
672,8.6,8.58,0.9611504890037511,0.0036149944334668235
673,8.6,8.7,0.9246997594952553,0.004188374281210066
674,8.6,8.82,0.9116297107611133,0.0037739381762383
675,8.6,8.94,0.9062606385565593,0.005699620717754867
676,8.6,9.06,0.911224010821576,0.005752918352792086
677,8.6,9.18,0.920544055484514,0.004709766650158649
678,8.6,9.3,0.9407232497662417,0.005237528182375488
679,8.6,9.42,0.9793101806978647,0.006304825723328582
680,8.6,9.540000000000001,1.0150713386427839,0.004977141048400254
681,8.6,9.66,1.0528273809523805,0.00492051772795929
682,8.6,9.780000000000001,1.1050325225615734,0.005803433735120719
683,8.6,9.9,1.1296885293148908,0.00396537478659876
684,8.6,10.02,1.1526302015534267,0.005878791475460152
685,8.6,10.14,1.175254989923675,0.005952237531155707
686,8.6,10.26,1.162797165013984,0.004154547843686795
687,8.6,10.379999999999999,1.1544397147524441,0.006200481536318777
688,8.6,10.5,1.105735636645965,0.005595454753343206
689,8.6,10.620000000000001,1.0639661631048853,0.004923055227800794
690,8.6,10.74,1.021883982066228,0.005642102852044134
691,8.6,10.86,0.9795839088397785,0.005280877697658781
692,8.6,10.98,0.952559495525462,0.004879453824023398
693,8.6,11.100000000000001,0.9381150851938859,0.004870066895600087
694,8.6,11.22,0.9660059676044307,0.005111793161653911
695,8.6,11.34,0.996918971896331,0.00545297095989805
696,8.6,11.46,1.0447269922793896,0.004443875864785126
697,8.6,11.58,1.0973315358188793,0.004616836374207355
698,8.6,11.7,1.1315989641397273,0.006094159815678787
699,8.6,11.82,1.0992330611344046,0.005374878128682367
700,8.6,11.94,0.9712099332714285,0.004237011825839008
701,9.866666666666667,0.06,0.0,0.0
702,9.866666666666667,0.18,0.0,0.0
703,9.866666666666667,0.3,0.0,0.0
704,9.866666666666667,0.42,0.0,0.0
705,9.866666666666667,0.54,0.0,0.0
706,9.866666666666667,0.66,0.0,0.0
707,9.866666666666667,0.78,2.1773968784838338e-5,2.177396878483833e-5
708,9.866666666666667,0.9,0.00028306159420289867,0.00010495862820514019
709,9.866666666666667,1.02,0.0007326300085251497,0.00019837069652509288
710,9.866666666666667,1.1400000000000001,0.0011471443554538507,0.0003195596534566718
711,9.866666666666667,1.2600000000000002,0.0016714113181504511,0.0003204408370717115
712,9.866666666666667,1.38,0.003138291587901702,0.0004680168384412762
713,9.866666666666667,1.5,0.004087409420289853,0.0004087383620652884
714,9.866666666666667,1.62,0.007045088566827697,0.000628890475988529
715,9.866666666666667,1.74,0.013216048225887074,0.000767193005497506
716,9.866666666666667,1.8599999999999999,0.01849944483403458,0.0011989001359564797
717,9.866666666666667,1.98,0.028134606938954733,0.0014907786129522162
718,9.866666666666667,2.1,0.03936982401656324,0.0017074811124729878
719,9.866666666666667,2.22,0.05471504112808457,0.001697980446291507
720,9.866666666666667,2.3400000000000003,0.0798306275548122,0.0027527961356870324
721,9.866666666666667,2.46,0.10683158801696752,0.002595463733989438
722,9.866666666666667,2.58,0.15519674755645416,0.0033773418537417386
723,9.866666666666667,2.7,0.21861790458937175,0.003840157964657384
724,9.866666666666667,2.8200000000000003,0.2967930928152947,0.0035843497050150374
725,9.866666666666667,2.94,0.40450079488317064,0.00422639098249788
726,9.866666666666667,3.06,0.5467584452259155,0.004431895234634929
727,9.866666666666667,3.18,0.7101961990702763,0.007594677638802741
728,9.866666666666667,3.3000000000000003,0.9067080451251641,0.0057986677751998075
729,9.866666666666667,3.42,1.1051866816043763,0.007317651926808584
730,9.866666666666667,3.5399999999999996,1.3093709699705227,0.007826145115945773
731,9.866666666666667,3.6599999999999997,1.4968900347469694,0.006568784398309935
732,9.866666666666667,3.78,1.6485057942259027,0.009630030586159858
733,9.866666666666667,3.9,1.7514414367335545,0.007102426417324784
734,9.866666666666667,4.02,1.7961314352152258,0.010244206413913463
735,9.866666666666667,4.140000000000001,1.811729580182734,0.006854647819584838
736,9.866666666666667,4.26,1.765941550571553,0.008027770994024092
737,9.866666666666667,4.38,1.6834215865098274,0.0070530596952871
738,9.866666666666667,4.5,1.5750150966183556,0.008337672305065746
739,9.866666666666667,4.62,1.4595685111989436,0.008558916168157054
740,9.866666666666667,4.74,1.323384614061637,0.007506987906300104
741,9.866666666666667,4.86,1.2135898919753092,0.00730678626854276
742,9.866666666666667,4.98,1.093016768159602,0.006720779816204331
743,9.866666666666667,5.1,0.9834891837169643,0.004624782489575011
744,9.866666666666667,5.220000000000001,0.8873395333583194,0.004281058611853119
745,9.866666666666667,5.34,0.796627559640122,0.004035700013500236
746,9.866666666666667,5.460000000000001,0.722475837115783,0.003796616474414794
747,9.866666666666667,5.58,0.6591774047452057,0.004700601840357629
748,9.866666666666667,5.7,0.6277471872616354,0.0041960362305505
749,9.866666666666667,5.82,0.5982054478559697,0.00418293753316228
750,9.866666666666667,5.9399999999999995,0.5868238544868968,0.003772841864412258
751,9.866666666666667,6.0600000000000005,0.5971254394461184,0.004236575503841187
752,9.866666666666667,6.18,0.6172226765864621,0.003367453266828591
753,9.866666666666667,6.300000000000001,0.657339113181504,0.005176200475178845
754,9.866666666666667,6.42,0.712508359576054,0.00406346217403885
755,9.866666666666667,6.540000000000001,0.7907130866905981,0.0035000879195871185
756,9.866666666666667,6.66,0.874864334443139,0.005444438116636743
757,9.866666666666667,6.780000000000001,0.9567456834359339,0.004819933076170028
758,9.866666666666667,6.9,1.0475715776622652,0.006541086608655495
759,9.866666666666667,7.02,1.1330641103059593,0.004967414347833091
760,9.866666666666667,7.14,1.207041240409205,0.005401642627942276
761,9.866666666666667,7.26,1.2761796884357413,0.004611832296847255
762,9.866666666666667,7.38,1.32483642261694,0.004325516707430202
763,9.866666666666667,7.5,1.3449207427536218,0.005431609794771385
764,9.866666666666667,7.62,1.364038161160563,0.005033038078389801
765,9.866666666666667,7.74,1.3448914623356902,0.004870020186646704
766,9.866666666666667,7.86,1.3077121535844676,0.004648496815889346
767,9.866666666666667,7.98,1.2481803183229783,0.004040894478372282
768,9.866666666666667,8.100000000000001,1.1855772779119684,0.004038061840754008
769,9.866666666666667,8.22,1.1234921288215385,0.0072821979681687325
770,9.866666666666667,8.34,1.056098735142319,0.004377430899305988
771,9.866666666666667,8.46,1.0021143295816708,0.0034190564317473143
772,9.866666666666667,8.58,0.951496703025237,0.0037936000609562763
773,9.866666666666667,8.7,0.9218398613193431,0.0034714562628646575
774,9.866666666666667,8.82,0.8931864185891721,0.005856285751097979
775,9.866666666666667,8.94,0.8839614641085484,0.004330760686700577
776,9.866666666666667,9.06,0.8813638245033111,0.00438794754274764
777,9.866666666666667,9.18,0.8916588223453644,0.004721101855298119
778,9.866666666666667,9.3,0.9183650362318797,0.004678110959458103
779,9.866666666666667,9.42,0.9551219364441955,0.004960911960626451
780,9.866666666666667,9.540000000000001,0.9964017352565839,0.004706393865117681
781,9.866666666666667,9.66,1.0379815915023858,0.005158310152758253
782,9.866666666666667,9.780000000000001,1.089750669623012,0.004323160975258468
783,9.866666666666667,9.9,1.1434916419631125,0.002426745860738363
784,9.866666666666667,10.02,1.1880620552373644,0.005243324410880085
785,9.866666666666667,10.14,1.2029364039319081,0.003992983592767964
786,9.866666666666667,10.26,1.2030928865793704,0.005393774972367634
787,9.866666666666667,10.379999999999999,1.1760571123397772,0.005198422183200111
788,9.866666666666667,10.5,1.1279470755693604,0.004183526924934271
789,9.866666666666667,10.620000000000001,1.0719094791410766,0.00557388218676923
790,9.866666666666667,10.74,1.0150841784066051,0.005267700778715258
791,9.866666666666667,10.86,0.9707933606573785,0.00362049345491671
792,9.866666666666667,10.98,0.9412571399580275,0.0050745994231382735
793,9.866666666666667,11.100000000000001,0.9210701870348574,0.00600590614862474
794,9.866666666666667,11.22,0.9367658562931074,0.005676188933319093
795,9.866666666666667,11.34,0.9719331699064533,0.005467759732246033
796,9.866666666666667,11.46,1.0387975187798828,0.004294836738395068
797,9.866666666666667,11.58,1.1160942662574167,0.004662020436527438
798,9.866666666666667,11.7,1.1493999094202922,0.008257452690438058
799,9.866666666666667,11.82,1.120721315658792,0.0067445757520163754
800,9.866666666666667,11.94,0.9484697035904144,0.006790214987930306
801,11.133333333333333,0.06,0.0,0.0
802,11.133333333333333,0.18,0.0,0.0
803,11.133333333333333,0.3,0.0,0.0
804,11.133333333333333,0.42,0.0,0.0
805,11.133333333333333,0.54,0.0,0.0
806,11.133333333333333,0.66,2.573287220026352e-5,2.5732872200263504e-5
807,11.133333333333333,0.78,2.1773968784838338e-5,2.177396878483832e-5
808,11.133333333333333,0.9,0.00015096618357487927,8.134298099038722e-5
809,11.133333333333333,1.02,0.0005494725063938621,0.00015033281887585155
810,11.133333333333333,1.1400000000000001,0.0010875524408848196,0.0002433467278111212
811,11.133333333333333,1.2600000000000002,0.0020353476535541785,0.0005830302112628834
812,11.133333333333333,1.38,0.00279369486452426,0.0004006572456571955
813,11.133333333333333,1.5,0.005514039855072461,0.0007593678786103138
814,11.133333333333333,1.62,0.008145883655394526,0.0007847837420347485
815,11.133333333333333,1.74,0.01014141366816593,0.0008579126573945227
816,11.133333333333333,1.8599999999999999,0.017860273492286107,0.001272201312098251
817,11.133333333333333,1.98,0.02677934233640752,0.001463940087281374
818,11.133333333333333,2.1,0.03724281832298145,0.002300179845453004
819,11.133333333333333,2.22,0.052787162162162136,0.0020215887963852177
820,11.133333333333333,2.3400000000000003,0.07784919639539188,0.002110686236990238
821,11.133333333333333,2.46,0.10480873320961506,0.0027121538803040446
822,11.133333333333333,2.58,0.14780423196831796,0.003922155024009692
823,11.133333333333333,2.7,0.21183071658615116,0.003777689006137539
824,11.133333333333333,2.8200000000000003,0.29562471091581893,0.005952135462714729
825,11.133333333333333,2.94,0.40097119010647714,0.005945870973451066
826,11.133333333333333,3.06,0.5406809462915593,0.006192966541102745
827,11.133333333333333,3.18,0.7123912616215479,0.007916468346422302
828,11.133333333333333,3.3000000000000003,0.893507081686429,0.009038355816234717
829,11.133333333333333,3.42,1.0996396675565758,0.00680196952350953
830,11.133333333333333,3.5399999999999996,1.3115155213706702,0.0057723212714183
831,11.133333333333333,3.6599999999999997,1.514676511641718,0.006786151622030268
832,11.133333333333333,3.78,1.6803344979296064,0.008648920741478106
833,11.133333333333333,3.9,1.772697185061314,0.005999270615229864
834,11.133333333333333,4.02,1.8300946017196595,0.005928314293308125
835,11.133333333333333,4.140000000000001,1.8410736321151009,0.00811048468068951
836,11.133333333333333,4.26,1.7952922471422819,0.009518621220459648
837,11.133333333333333,4.38,1.7026116115743495,0.008026123418392869
838,11.133333333333333,4.5,1.595448369565216,0.0060879808429015695
839,11.133333333333333,4.62,1.4629909832015786,0.007467557688167098
840,11.133333333333333,4.74,1.3301601770317342,0.006280505960023571
841,11.133333333333333,4.86,1.2061708825371273,0.005546362988126341
842,11.133333333333333,4.98,1.0871816068622384,0.005438446455982802
843,11.133333333333333,5.1,0.972862718456947,0.006034506630017586
844,11.133333333333333,5.220000000000001,0.8731343963434937,0.004379830487667704
845,11.133333333333333,5.34,0.7786292949031086,0.00494455226141634
846,11.133333333333333,5.460000000000001,0.7122109661172162,0.0039855476325579
847,11.133333333333333,5.58,0.6513673396836506,0.004356420378609251
848,11.133333333333333,5.7,0.6055372807017573,0.005045489887166799
849,11.133333333333333,5.82,0.5739613682205296,0.0037544069260332133
850,11.133333333333333,5.9399999999999995,0.5703805491509285,0.0054027717312702854
851,11.133333333333333,6.0600000000000005,0.5762013021954371,0.0029856859529103566
852,11.133333333333333,6.18,0.591744384937384,0.004233857851092161
853,11.133333333333333,6.300000000000001,0.640468642167011,0.0028784520102280967
854,11.133333333333333,6.42,0.6997097428213472,0.003691711643306516
855,11.133333333333333,6.540000000000001,0.7654349072596714,0.00443896162018167
856,11.133333333333333,6.66,0.8608107088066325,0.004732855200354278
857,11.133333333333333,6.780000000000001,0.9433415897139898,0.004200231358614199
858,11.133333333333333,6.9,1.0437120943604377,0.003908274154792551
859,11.133333333333333,7.02,1.1337076520500444,0.0027702919460524137
860,11.133333333333333,7.14,1.2198527508829597,0.006517274138442029
861,11.133333333333333,7.26,1.2946652480836032,0.004290499545010585
862,11.133333333333333,7.38,1.3351255965005262,0.004423401924048171
863,11.133333333333333,7.5,1.371868206521738,0.0047864186695457875
864,11.133333333333333,7.62,1.3813249778899936,0.0055921302000461505
865,11.133333333333333,7.74,1.355759710987527,0.003788230227385014
866,11.133333333333333,7.86,1.314702262418409,0.005141122855703021
867,11.133333333333333,7.98,1.2644701938269554,0.004956816779667585
868,11.133333333333333,8.100000000000001,1.196486681427804,0.007212705410541044
869,11.133333333333333,8.22,1.1213949936528096,0.004975343035270572
870,11.133333333333333,8.34,1.0675515294286295,0.004202916540320985
871,11.133333333333333,8.46,1.004961005755995,0.00791432305173621
872,11.133333333333333,8.58,0.9575043389581446,0.003689813561285419
873,11.133333333333333,8.7,0.9179785107446302,0.0036747981559555054
874,11.133333333333333,8.82,0.8939836124667231,0.0035481545737234372
875,11.133333333333333,8.94,0.8751827552037728,0.003716942471163098
876,11.133333333333333,9.06,0.8793842679239853,0.004237248504443865
877,11.133333333333333,9.18,0.8796980824334577,0.00432639696814331
878,11.133333333333333,9.3,0.9084140515427731,0.00518104202246037
879,11.133333333333333,9.42,0.9420776648896861,0.005875666969722551
880,11.133333333333333,9.540000000000001,0.9899892329778491,0.0043452063733294514
881,11.133333333333333,9.66,1.0448330885993333,0.004884605901545013
882,11.133333333333333,9.780000000000001,1.093376636547525,0.006145159695775465
883,11.133333333333333,9.9,1.1452277530742232,0.004493332626741798
884,11.133333333333333,10.02,1.1895638071682848,0.004235244749503612
885,11.133333333333333,10.14,1.2062728459180156,0.004811861369598458
886,11.133333333333333,10.26,1.2085587894101193,0.0044248016966604116
887,11.133333333333333,10.379999999999999,1.1770404650456499,0.004284456606840145
888,11.133333333333333,10.5,1.1403484083850952,0.004855045620986835
889,11.133333333333333,10.620000000000001,1.0805692448620292,0.005008258969270379
890,11.133333333333333,10.74,1.0193411717674667,0.004201432903801089
891,11.133333333333333,10.86,0.9709434927736403,0.003380975518660453
892,11.133333333333333,10.98,0.9318743441633018,0.004559265994051872
893,11.133333333333333,11.100000000000001,0.9243827727183671,0.004872671796597783
894,11.133333333333333,11.22,0.9258097075292545,0.0058630631392444
895,11.133333333333333,11.34,0.9661521235909868,0.006073434205727126
896,11.133333333333333,11.46,1.022129488675171,0.004586119184215899
897,11.133333333333333,11.58,1.107237224975596,0.004093039092578038
898,11.133333333333333,11.7,1.1691808342623582,0.008216250715430664
899,11.133333333333333,11.82,1.1263954792908086,0.00664058599621572
900,11.133333333333333,11.94,0.9463289613830005,0.00585349663082119
901,12.399999999999999,0.06,0.0,0.0
902,12.399999999999999,0.18,0.0,0.0
903,12.399999999999999,0.3,0.0,0.0
904,12.399999999999999,0.42,0.0,0.0
905,12.399999999999999,0.54,0.0,0.0
906,12.399999999999999,0.66,7.719861660079056e-5,5.6793141187129896e-5
907,12.399999999999999,0.78,0.00010886984392419168,7.07181067616004e-5
908,12.399999999999999,0.9,0.0001698369565217392,8.674201216470203e-5
909,12.399999999999999,1.02,0.0004329177323103157,0.00015948358004262526
910,12.399999999999999,1.1400000000000001,0.0010130625476735308,0.00020946230517816238
911,12.399999999999999,1.2600000000000002,0.0016040157004830941,0.00023259757475433142
912,12.399999999999999,1.38,0.0030767564587271586,0.00042345308137367555
913,12.399999999999999,1.5,0.00562726449275362,0.000687525652993432
914,12.399999999999999,1.62,0.007737016908212561,0.0006539955624381167
915,12.399999999999999,1.74,0.012757293228385827,0.0007162340943845014
916,12.399999999999999,1.8599999999999999,0.018152466105656833,0.0010395969342641039
917,12.399999999999999,1.98,0.024617781071585385,0.001156778579019806
918,12.399999999999999,2.1,0.03740456780538311,0.0017481687851476626
919,12.399999999999999,2.22,0.050530319721895776,0.0017767730906140015
920,12.399999999999999,2.3400000000000003,0.07430003948346324,0.0019415206408866467
921,12.399999999999999,2.46,0.10360054347826124,0.0023737940836470544
922,12.399999999999999,2.58,0.1458162179811255,0.0028085291520882883
923,12.399999999999999,2.7,0.2099058977455715,0.0034379098788497437
924,12.399999999999999,2.8200000000000003,0.2836879432624116,0.00504783717034605
925,12.399999999999999,2.94,0.3891057102188701,0.004447014206754543
926,12.399999999999999,3.06,0.5364960748792263,0.006176243181753285
927,12.399999999999999,3.18,0.6916209495488106,0.004851785931078115
928,12.399999999999999,3.3000000000000003,0.8941452569169952,0.005442599980838845
929,12.399999999999999,3.42,1.1088615163361335,0.006197604747002315
930,12.399999999999999,3.5399999999999996,1.3302167772046172,0.006746523342333972
931,12.399999999999999,3.6599999999999997,1.5269920111665458,0.006316808980370505
932,12.399999999999999,3.78,1.6993625273176898,0.008495942300844208
933,12.399999999999999,3.9,1.8002238363991065,0.00840840192837916
934,12.399999999999999,4.02,1.8666813689703623,0.006195105012044261
935,12.399999999999999,4.140000000000001,1.8585167900651114,0.00916819012360425
936,12.399999999999999,4.26,1.8248422828638575,0.008098799712688641
937,12.399999999999999,4.38,1.7188042857851893,0.006603256378742322
938,12.399999999999999,4.5,1.5937424516908196,0.008572955817216165
939,12.399999999999999,4.62,1.473964215132691,0.007957512863012167
940,12.399999999999999,4.74,1.3325070801229104,0.006120084439694663
941,12.399999999999999,4.86,1.20034540503668,0.006948520583556201
942,12.399999999999999,4.98,1.0724214793958513,0.007389322037570321
943,12.399999999999999,5.1,0.958363304560954,0.005007334739662795
944,12.399999999999999,5.220000000000001,0.8598012191820744,0.004673924894490426
945,12.399999999999999,5.34,0.7733783433072774,0.00456060226358865
946,12.399999999999999,5.460000000000001,0.6918367524685461,0.00441399946531109
947,12.399999999999999,5.58,0.6316747750116856,0.0046345384492704495
948,12.399999999999999,5.7,0.58732897120519,0.003437918835923369
949,12.399999999999999,5.82,0.5582353998580613,0.00437505314103435
950,12.399999999999999,5.9399999999999995,0.5431037046186491,0.0031448675021304995
951,12.399999999999999,6.0600000000000005,0.5505800240350123,0.003982377794542567
952,12.399999999999999,6.18,0.5760220996904443,0.0031489544376346796
953,12.399999999999999,6.300000000000001,0.6178479770531397,0.003449421323473794
954,12.399999999999999,6.42,0.6771071422524726,0.003938150986147161
955,12.399999999999999,6.540000000000001,0.7572442992953052,0.005866343767743857
956,12.399999999999999,6.66,0.8407158857226794,0.003996827493832376
957,12.399999999999999,6.780000000000001,0.9327706169039347,0.005042645164189134
958,12.399999999999999,6.9,1.0435890241020886,0.00454049820373352
959,12.399999999999999,7.02,1.1458841392604995,0.005004838428062196
960,12.399999999999999,7.14,1.2324335304774061,0.004528627931131189
961,12.399999999999999,7.26,1.304272966822374,0.005129148391488307
962,12.399999999999999,7.38,1.3656847421055696,0.0037703088158520305
963,12.399999999999999,7.5,1.3973618659420277,0.005663887744838414
964,12.399999999999999,7.62,1.400504072520827,0.005169458186966138
965,12.399999999999999,7.74,1.39283200272441,0.0052880129339539185
966,12.399999999999999,7.86,1.3508628408839476,0.004916698465166056
967,12.399999999999999,7.98,1.2867618264410994,0.006089493445189843
968,12.399999999999999,8.100000000000001,1.2218364197530853,0.005965872357847869
969,12.399999999999999,8.22,1.1307876798370895,0.006650098777999515
970,12.399999999999999,8.34,1.061140897064955,0.004805920141348762
971,12.399999999999999,8.46,0.9995286321821437,0.004595435805982806
972,12.399999999999999,8.58,0.9436303619387869,0.003290756293955883
973,12.399999999999999,8.7,0.9024257402548755,0.003934456040234278
974,12.399999999999999,8.82,0.8680420764320196,0.0034062007742333123
975,12.399999999999999,8.94,0.8589931518091612,0.005551978223472142
976,12.399999999999999,9.06,0.852853335852769,0.003749364194328523
977,12.399999999999999,9.18,0.8651860880221666,0.004460790821882453
978,12.399999999999999,9.3,0.8889649807152835,0.004830639736066012
979,12.399999999999999,9.42,0.9371267914012712,0.00740917922538082
980,12.399999999999999,9.540000000000001,0.9838580120317185,0.006181347728864033
981,12.399999999999999,9.66,1.0451513131244932,0.0048931073378293945
982,12.399999999999999,9.780000000000001,1.1058643416022065,0.004676368580779665
983,12.399999999999999,9.9,1.164340415019766,0.003905231554628482
984,12.399999999999999,10.02,1.2061610474702895,0.005503720029755375
985,12.399999999999999,10.14,1.231250937955576,0.004100191291538151
986,12.399999999999999,10.26,1.2222003718535468,0.005844971601783193
987,12.399999999999999,10.379999999999999,1.2057098595752638,0.005115171422833662
988,12.399999999999999,10.5,1.1514638328157374,0.005360132628563593
989,12.399999999999999,10.620000000000001,1.0826978040817132,0.0043437181051042845
990,12.399999999999999,10.74,1.0112525681118925,0.004323165572934926
991,12.399999999999999,10.86,0.9554173297501799,0.0030451238999935825
992,12.399999999999999,10.98,0.9101280985190471,0.0049042784365514016
993,12.399999999999999,11.100000000000001,0.892731896298469,0.004636941384782518
994,12.399999999999999,11.22,0.9095979980430885,0.00486106564449519
995,12.399999999999999,11.34,0.9533888912851819,0.006080128378538608
996,12.399999999999999,11.46,1.025833001365815,0.003654325611187313
997,12.399999999999999,11.58,1.1235741322182184,0.004314059747879546
998,12.399999999999999,11.7,1.1913641536603516,0.006652302718074939
999,12.399999999999999,11.82,1.14355303510998,0.007229021821077198
1000,12.399999999999999,11.94,0.9250339104945002,0.006095798251890932
1001,13.666666666666666,0.06,0.0,0.0
1002,13.666666666666666,0.18,0.0,0.0
1003,13.666666666666666,0.3,0.0,0.0
1004,13.666666666666666,0.42,0.0,0.0
1005,13.666666666666666,0.54,0.0,0.0
1006,13.666666666666666,0.66,2.573287220026352e-5,2.5732872200263504e-5
1007,13.666666666666666,0.78,6.5321906354515e-5,3.6476770048343186e-5
1008,13.666666666666666,0.9,0.00018870772946859909,7.876000267665901e-5
1009,13.666666666666666,1.02,0.0006660272804774087,0.000271729019775637
1010,13.666666666666666,1.1400000000000001,0.0007895928680396635,0.00020821095404935353
1011,13.666666666666666,1.2600000000000002,0.0014153079710144945,0.00030205308055984546
1012,13.666666666666666,1.38,0.0034951953371140524,0.000497886530936992
1013,13.666666666666666,1.5,0.005083786231884055,0.0006690892847900374
1014,13.666666666666666,1.62,0.007915240874932904,0.0009459910655764596
1015,13.666666666666666,1.74,0.011976433658170927,0.0009065838487435826
1016,13.666666666666666,1.8599999999999999,0.016454096540439448,0.0010920588591436004
1017,13.666666666666666,1.98,0.02967857927097054,0.004354573605929858
1018,13.666666666666666,2.1,0.03676565734989654,0.0016259022092625511
1019,13.666666666666666,2.22,0.054179519193106124,0.0018618052158546137
1020,13.666666666666666,2.3400000000000003,0.07458310107766616,0.0021597941689704588
1021,13.666666666666666,2.46,0.10405620360551465,0.0028189208075949275
1022,13.666666666666666,2.58,0.14602686846983468,0.003933487874762389
1023,13.666666666666666,2.7,0.20647141706924302,0.003892015847063157
1024,13.666666666666666,2.8200000000000003,0.28639208487511586,0.005176834396780772
1025,13.666666666666666,2.94,0.38624043367346916,0.005933073799149183
1026,13.666666666666666,3.06,0.5356468900966177,0.012176779447714774
1027,13.666666666666666,3.18,0.698216818772218,0.00814889741208324
1028,13.666666666666666,3.3000000000000003,0.8946238883399203,0.0070386538288189264
1029,13.666666666666666,3.42,1.1034535500889942,0.010128249154188217
1030,13.666666666666666,3.5399999999999996,1.329693832903463,0.007723730742148444
1031,13.666666666666666,3.6599999999999997,1.5437808119505805,0.014440456783740039
1032,13.666666666666666,3.78,1.696558869622728,0.005543023583303674
1033,13.666666666666666,3.9,1.8304983625975455,0.007483328261371781
1034,13.666666666666666,4.02,1.8694824113129977,0.007865439071500559
1035,13.666666666666666,4.140000000000001,1.874060563694601,0.006903925080636504
1036,13.666666666666666,4.26,1.8177896637068869,0.007620395434970805
1037,13.666666666666666,4.38,1.7137983608794913,0.011285844985740565
1038,13.666666666666666,4.5,1.6130887681159405,0.008893445935457106
1039,13.666666666666666,4.62,1.4721776185770725,0.009281159668238618
1040,13.666666666666666,4.74,1.33351750252247,0.008539125801962368
1041,13.666666666666666,4.86,1.2068278650026842,0.008049550435750747
1042,13.666666666666666,4.98,1.0731069659071135,0.006886695292706581
1043,13.666666666666666,5.1,0.9535046355498716,0.009522119762436361
1044,13.666666666666666,5.220000000000001,0.8556138597367969,0.005822612550049379
1045,13.666666666666666,5.34,0.7569925755170153,0.004778791532930832
1046,13.666666666666666,5.460000000000001,0.684940625497691,0.005356319870338005
1047,13.666666666666666,5.58,0.6307494984026782,0.003595320368494366
1048,13.666666666666666,5.7,0.5732056874523292,0.007936482309880501
1049,13.666666666666666,5.82,0.5556528275810556,0.003851099800555921
1050,13.666666666666666,5.9399999999999995,0.5440558208900589,0.004726190205463691
1051,13.666666666666666,6.0600000000000005,0.5445600606256279,0.0039564850258122205
1052,13.666666666666666,6.18,0.5606680693330504,0.004398340802222698
1053,13.666666666666666,6.300000000000001,0.6089274930986883,0.00727788531735322
1054,13.666666666666666,6.42,0.6578880536367339,0.004811485437313133
1055,13.666666666666666,6.540000000000001,0.7371599105836975,0.005131654389847791
1056,13.666666666666666,6.66,0.8267311129063847,0.009551886933530505
1057,13.666666666666666,6.780000000000001,0.9216184910863126,0.006709761635562317
1058,13.666666666666666,6.9,1.0293128741335946,0.0048379530415163996
1059,13.666666666666666,7.02,1.1300641412733812,0.0067869189905210405
1060,13.666666666666666,7.14,1.2218460753866742,0.004344000371214079
1061,13.666666666666666,7.26,1.311155340459935,0.005357723481773559
1062,13.666666666666666,7.38,1.3691574245905467,0.006185557527072655
1063,13.666666666666666,7.5,1.4220923913043464,0.005845098781561523
1064,13.666666666666666,7.62,1.424555392702272,0.006757549742540721
1065,13.666666666666666,7.74,1.4066186383552384,0.006469400949604528
1066,13.666666666666666,7.86,1.3728768219659258,0.00849106736236998
1067,13.666666666666666,7.98,1.3051438038029823,0.010432142892060991
1068,13.666666666666666,8.100000000000001,1.2340898416532462,0.005548149011683815
1069,13.666666666666666,8.22,1.1570070348037669,0.005205771363578482
1070,13.666666666666666,8.34,1.0700705739756005,0.00766600234262066
1071,13.666666666666666,8.46,0.9998919949378227,0.00588504348480973
1072,13.666666666666666,8.58,0.9471280531063155,0.00466206351770076
1073,13.666666666666666,8.7,0.8986659014242904,0.0037440327003592016
1074,13.666666666666666,8.82,0.8643776804199914,0.004998020379219254
1075,13.666666666666666,8.94,0.8379782031173998,0.007271524307124356
1076,13.666666666666666,9.06,0.8472427176312507,0.008182910444832022
1077,13.666666666666666,9.18,0.8516416832433469,0.0067939645238387775
1078,13.666666666666666,9.3,0.8775694687938248,0.00630616796900942
1079,13.666666666666666,9.42,0.9194327373534541,0.007319196351186632
1080,13.666666666666666,9.540000000000001,0.9704935882098241,0.006346707730476518
1081,13.666666666666666,9.66,1.0304356265190384,0.007146960038069466
1082,13.666666666666666,9.780000000000001,1.1119631901840503,0.007534678206976283
1083,13.666666666666666,9.9,1.1773475241545923,0.005635775188834293
1084,13.666666666666666,10.02,1.2264330035581144,0.005396656802825695
1085,13.666666666666666,10.14,1.2508994324028793,0.006326772852200279
1086,13.666666666666666,10.26,1.2514517252521395,0.006920263251089991
1087,13.666666666666666,10.379999999999999,1.2069304604381268,0.009783218799331386
1088,13.666666666666666,10.5,1.1571363871635636,0.006658604501875437
1089,13.666666666666666,10.620000000000001,1.0861137338287044,0.005290671507983199
1090,13.666666666666666,10.74,1.0182911555744458,0.005052173565133209
1091,13.666666666666666,10.86,0.9509931239490746,0.0032336197907303853
1092,13.666666666666666,10.98,0.9021374089253195,0.005133173425260283
1093,13.666666666666666,11.100000000000001,0.8731685149823701,0.005693340544503543
1094,13.666666666666666,11.22,0.8860191186158233,0.007264304206799225
1095,13.666666666666666,11.34,0.9292882184073349,0.006670513545456281
1096,13.666666666666666,11.46,1.0183163081417463,0.004446785866760303
1097,13.666666666666666,11.58,1.1333052911691832,0.004955726368439851
1098,13.666666666666666,11.7,1.2158758361204038,0.009324640674602326
1099,13.666666666666666,11.82,1.1676980454093988,0.008322941356023654
1100,13.666666666666666,11.94,0.9034629101121535,0.007904779018313263
1101,14.933333333333334,0.06,0.0,0.0
1102,14.933333333333334,0.18,0.0,0.0
1103,14.933333333333334,0.3,0.0,0.0
1104,14.933333333333334,0.42,0.0,0.0
1105,14.933333333333334,0.54,6.290257648953298e-5,4.375555704258833e-5
1106,14.933333333333334,0.66,2.573287220026352e-5,2.5732872200263514e-5
1107,14.933333333333334,0.78,6.5321906354515e-5,4.805573485064833e-5
1108,14.933333333333334,0.9,0.00013209541062801937,9.675817017494815e-5
1109,14.933333333333334,1.02,0.0004995204603580566,0.0001821046530116465
1110,14.933333333333334,1.1400000000000001,0.0011024504195270774,0.00041199691084253424
1111,14.933333333333334,1.2600000000000002,0.0014692244651483798,0.00040665005365519123
1112,14.933333333333334,1.38,0.002387563011972275,0.0004420593138024665
1113,14.933333333333334,1.5,0.004370471014492751,0.0005781506378168776
1114,14.933333333333334,1.62,0.0062168713097155125,0.000852917499274708
1115,14.933333333333334,1.74,0.011478635682158938,0.0007891281677948164
1116,14.933333333333334,1.8599999999999999,0.017695915147265068,0.0012124983784030567
1117,14.933333333333334,1.98,0.027448397013614376,0.0016030632526058677
1118,14.933333333333334,2.1,0.034396027432712285,0.0016137068856014632
1119,14.933333333333334,2.22,0.05385820603211905,0.0028321962543914484
1120,14.933333333333334,2.3400000000000003,0.07250731605351156,0.0023340342725304613
1121,14.933333333333334,2.46,0.1029308611700251,0.0033196973346286147
1122,14.933333333333334,2.58,0.14195209807886738,0.0035660844829068154
1123,14.933333333333334,2.7,0.19657055152979044,0.0050230744237595775
1124,14.933333333333334,2.8200000000000003,0.27682821654332435,0.0036797752872988875
1125,14.933333333333334,2.94,0.3826761682934041,0.004540985210208813
1126,14.933333333333334,3.06,0.513773444160272,0.006363717153775979
1127,14.933333333333334,3.18,0.6861306227782337,0.0062507935136363975
1128,14.933333333333334,3.3000000000000003,0.8831933465085633,0.008272889559259295
1129,14.933333333333334,3.42,1.0897275457665936,0.007325029176404207
1130,14.933333333333334,3.5399999999999996,1.3222382783714068,0.012232838248118442
1131,14.933333333333334,3.6599999999999997,1.5218690603468736,0.006474673668447333
1132,14.933333333333334,3.78,1.6985313146997933,0.007987862387248199
1133,14.933333333333334,3.9,1.8188188057413588,0.007382729510814605
1134,14.933333333333334,4.02,1.8899388924940481,0.00853056574774182
1135,14.933333333333334,4.140000000000001,1.8998601921865146,0.010555292728094055
1136,14.933333333333334,4.26,1.8340637119820455,0.00855988265140936
1137,14.933333333333334,4.38,1.7496231015485404,0.007898234582986897
1138,14.933333333333334,4.5,1.6273173309178728,0.008137004449494572
1139,14.933333333333334,4.62,1.4853896103896074,0.010005882874894926
1140,14.933333333333334,4.74,1.348989147633459,0.008964598882627718
1141,14.933333333333334,4.86,1.206761467838612,0.00771964868627134
1142,14.933333333333334,4.98,1.0876556497730119,0.007265996223911701
1143,14.933333333333334,5.1,0.9588728154305193,0.00708676439169741
1144,14.933333333333334,5.220000000000001,0.8596060042895206,0.005342651229513602
1145,14.933333333333334,5.34,0.7676916676844147,0.005607923899007896
1146,14.933333333333334,5.460000000000001,0.6801161361283646,0.00437828295465256
1147,14.933333333333334,5.58,0.6204131847046886,0.004452026257252465
1148,14.933333333333334,5.7,0.5733516876430235,0.004573569143264292
1149,14.933333333333334,5.82,0.5410766145599889,0.004730423383945346
1150,14.933333333333334,5.9399999999999995,0.5292193904625959,0.004665670644828603
1151,14.933333333333334,6.0600000000000005,0.5325593700674417,0.00419484968669921
1152,14.933333333333334,6.18,0.5514864306317697,0.005821604131395188
1153,14.933333333333334,6.300000000000001,0.5863337862318836,0.005134736364846256
1154,14.933333333333334,6.42,0.6576049920425308,0.005151544971057731
1155,14.933333333333334,6.540000000000001,0.7285382179896276,0.004838783218903559
1156,14.933333333333334,6.66,0.8150261334704269,0.00524821367158418
1157,14.933333333333334,6.780000000000001,0.9167638594972398,0.006789589367338716
1158,14.933333333333334,6.9,1.0262410404852012,0.00633485943936361
1159,14.933333333333334,7.02,1.12555692973492,0.005286143888587562
1160,14.933333333333334,7.14,1.2309801638046503,0.005482363272806654
1161,14.933333333333334,7.26,1.3111810733321354,0.006569882688804361
1162,14.933333333333334,7.38,1.3804338620831824,0.005754834688058173
1163,14.933333333333334,7.5,1.4303487318840566,0.004273671275614703
1164,14.933333333333334,7.62,1.442805064618283,0.007582651498061066
1165,14.933333333333334,7.74,1.4280216057184558,0.006368136051994434
1166,14.933333333333334,7.86,1.3836504487498618,0.007507079535789107
1167,14.933333333333334,7.98,1.3177304674730268,0.006299678830268384
1168,14.933333333333334,8.100000000000001,1.239772041062801,0.005313772668088008
1169,14.933333333333334,8.22,1.1571248049560994,0.00537273078148922
1170,14.933333333333334,8.34,1.0750842260973812,0.004970084063038776
1171,14.933333333333334,8.46,1.0008315185270917,0.005245704303000739
1172,14.933333333333334,8.58,0.9445646631448275,0.005860457076217387
1173,14.933333333333334,8.7,0.8949997657421314,0.004344701443889831
1174,14.933333333333334,8.82,0.8578961475894681,0.0049127718393933055
1175,14.933333333333334,8.94,0.8377787301818875,0.006202991317383311
1176,14.933333333333334,9.06,0.8313087868317497,0.005252878010787462
1177,14.933333333333334,9.18,0.8426410645780061,0.005298968253632453
1178,14.933333333333334,9.3,0.8696583537868123,0.006474262223904265
1179,14.933333333333334,9.42,0.9135172909166409,0.00547768453869647
1180,14.933333333333334,9.540000000000001,0.9770075653996885,0.005834998990178143
1181,14.933333333333334,9.66,1.0364854087901703,0.005328402745533149
1182,14.933333333333334,9.780000000000001,1.1077346320129824,0.005139607563786573
1183,14.933333333333334,9.9,1.1745048995388698,0.004947708637003487
1184,14.933333333333334,10.02,1.2233718703896683,0.00449138926039356
1185,14.933333333333334,10.14,1.2511188470114039,0.006772533496302709
1186,14.933333333333334,10.26,1.250367483473175,0.006020875301852917
1187,14.933333333333334,10.379999999999999,1.2180516723213475,0.007273472119535229
1188,14.933333333333334,10.5,1.1613014363354064,0.005502084809285233
1189,14.933333333333334,10.620000000000001,1.0853477083845053,0.00510788305826582
1190,14.933333333333334,10.74,1.0125192292122085,0.0042128754938110125
1191,14.933333333333334,10.86,0.941597355672992,0.0040554038571145
1192,14.933333333333334,10.98,0.8907685416171705,0.004815893311686485
1193,14.933333333333334,11.100000000000001,0.8714686153544817,0.005999611279474475
1194,14.933333333333334,11.22,0.8812994071146224,0.006772334526768672
1195,14.933333333333334,11.34,0.9379088667471859,0.006526855692697711
1196,14.933333333333334,11.46,1.024468081322564,0.003980582886198753
1197,14.933333333333334,11.58,1.131378125703988,0.005361115792877292
1198,14.933333333333334,11.7,1.2150963280379066,0.010575437385255224
1199,14.933333333333334,11.82,1.1675313695468224,0.007682176809907094
1200,14.933333333333334,11.94,0.9139120079564476,0.010021137836935475
1201,16.2,0.06,0.0,0.0
1202,16.2,0.18,0.0,0.0
1203,16.2,0.3,0.0,0.0
1204,16.2,0.42,0.0,0.0
1205,16.2,0.54,0.0,0.0
1206,16.2,0.66,7.719861660079056e-5,5.6793141187129936e-5
1207,16.2,0.78,2.1773968784838338e-5,2.177396878483832e-5
1208,16.2,0.9,0.0003962862318840582,0.0002040060322835243
1209,16.2,1.02,0.0004495684143222509,0.00013972626425735684
1210,16.2,1.1400000000000001,0.0013259200991609442,0.0004609683759829602
1211,16.2,1.2600000000000002,0.0013613914768806092,0.00031947916893980795
1212,16.2,1.38,0.0027813878386893512,0.0005048058785284158
1213,16.2,1.5,0.004438405797101447,0.0006071914365360781
1214,16.2,1.62,0.0066362218196457335,0.0005816027578715237
1215,16.2,1.74,0.011927629935032501,0.0013880464810382864
1216,16.2,1.8599999999999999,0.01588797335203365,0.0011127716817141235
1217,16.2,1.98,0.02528683574879224,0.0017261502973500292
1218,16.2,2.1,0.03596499741200835,0.0016695233849958306
1219,16.2,2.22,0.0502319575009792,0.0017636189727196772
1220,16.2,2.3400000000000003,0.07049685293571151,0.002698183788236748
1221,16.2,2.46,0.09782194459172888,0.0028475872729068928
1222,16.2,2.58,0.135862982389619,0.0041509338308878254
1223,16.2,2.7,0.1932807467793879,0.0051798279853671435
1224,16.2,2.8200000000000003,0.27311830288313316,0.005716204854408845
1225,16.2,2.94,0.3769513919698313,0.006301582568362732
1226,16.2,3.06,0.5093499129724346,0.0079463534814556
1227,16.2,3.18,0.6703753076292045,0.008218846763035208
1228,16.2,3.3000000000000003,0.8811861824769427,0.012973762250839314
1229,16.2,3.42,1.0928759852529908,0.013232092930231403
1230,16.2,3.5399999999999996,1.3219504191230649,0.008984318110416476
1231,16.2,3.6599999999999997,1.521901542824897,0.007372098775511382
1232,16.2,3.78,1.7058864231078903,0.008889932235511017
1233,16.2,3.9,1.8387768255295416,0.01125313140588566
1234,16.2,4.02,1.9039145306078267,0.005406673103096974
1235,16.2,4.140000000000001,1.911133427851291,0.010893831831481604
1236,16.2,4.26,1.843348929628504,0.008416157189797116
1237,16.2,4.38,1.7634737318840576,0.009270858597619294
1238,16.2,4.5,1.6269172705313995,0.010737812682559255
1239,16.2,4.62,1.5083984742612435,0.008199136807307602
1240,16.2,4.74,1.3568360449917412,0.012040758090683426
1241,16.2,4.86,1.2080020464304893,0.013109188726183005
1242,16.2,4.98,1.0850194255282066,0.005549167250169934
1243,16.2,5.1,0.9610074328644496,0.009123845564693417
1244,16.2,5.220000000000001,0.8405074806346813,0.006702136043590744
1245,16.2,5.34,0.7443120521901955,0.006895481024041618
1246,16.2,5.460000000000001,0.679170523769709,0.005173292317537166
1247,16.2,5.58,0.6106947366370556,0.005035677380192805
1248,16.2,5.7,0.5670021691456932,0.003584894345632254
1249,16.2,5.82,0.5386107687135819,0.004198982690337028
1250,16.2,5.9399999999999995,0.5210420555189567,0.0028841649034654004
1251,16.2,6.0600000000000005,0.5271952127277945,0.004600909268369106
1252,16.2,6.18,0.5453442688546486,0.003425611183715054
1253,16.2,6.300000000000001,0.5881049430641817,0.00444948423875117
1254,16.2,6.42,0.640504897230124,0.004102648039946213
1255,16.2,6.540000000000001,0.7192932705092393,0.005948282635282065
1256,16.2,6.66,0.8071820121752188,0.0045777771570916235
1257,16.2,6.780000000000001,0.9141962653905321,0.010400459069180674
1258,16.2,6.9,1.0192211129489694,0.008114176177812188
1259,16.2,7.02,1.1283657717081643,0.005021005604415502
1260,16.2,7.14,1.2339986945865278,0.005493143491552241
1261,16.2,7.26,1.3195653109653853,0.0050866934634191605
1262,16.2,7.38,1.3932314679804372,0.0069900270454852365
1263,16.2,7.5,1.436480978260868,0.006235569298797734
1264,16.2,7.62,1.4513236584217744,0.005632387041688361
1265,16.2,7.74,1.4387340607796855,0.00787762868636166
1266,16.2,7.86,1.4018031239628277,0.0056880491915498295
1267,16.2,7.98,1.3243196305982314,0.010798054123163694
1268,16.2,8.100000000000001,1.2365556226516363,0.01157033274127954
1269,16.2,8.22,1.1600215374748764,0.006589361294143011
1270,16.2,8.34,1.0830140235637558,0.006192358257227052
1271,16.2,8.46,0.9939577391047464,0.008765815157375722
1272,16.2,8.58,0.9363360823958664,0.004901940177217971
1273,16.2,8.7,0.8873844327836109,0.005485728201882484
1274,16.2,8.82,0.8492175176229887,0.004991004749375878
1275,16.2,8.94,0.8309643547563454,0.005334781037351429
1276,16.2,9.06,0.8263898886649391,0.005772079887291038
1277,16.2,9.18,0.8383470386947062,0.005976299634141563
1278,16.2,9.3,0.8697332281439887,0.009248810712383385
1279,16.2,9.42,0.9097671755284752,0.007017858898499272
1280,16.2,9.540000000000001,0.9648359168489639,0.007105564310462369
1281,16.2,9.66,1.0307380277252678,0.008699745675735214
1282,16.2,9.780000000000001,1.1037075164488321,0.005812452059582852
1283,16.2,9.9,1.1841015453447548,0.00535141842627026
1284,16.2,10.02,1.2403826857155387,0.006916425197952054
1285,16.2,10.14,1.2679534747234353,0.006277015769853943
1286,16.2,10.26,1.2623057303585044,0.009398681039285369
1287,16.2,10.379999999999999,1.231011966469793,0.009597065725758884
1288,16.2,10.5,1.1716097308488638,0.007207375952483415
1289,16.2,10.620000000000001,1.0937979765413874,0.004490325861056761
1290,16.2,10.74,1.0100048832078359,0.006288272109228004
1291,16.2,10.86,0.9429141394427093,0.005034219115031362
1292,16.2,10.98,0.8870655391225163,0.00995418225350296
1293,16.2,11.100000000000001,0.8538116921269061,0.005856447051869308
1294,16.2,11.22,0.8649771976478318,0.007528499601058612
1295,16.2,11.34,0.9223614465915231,0.009062509888737682
1296,16.2,11.46,1.025290590143416,0.004645584099538135
1297,16.2,11.58,1.1375717480476097,0.0086391613861368
1298,16.2,11.7,1.2304600404124888,0.010756751409273888
1299,16.2,11.82,1.1813798347495001,0.008236595323063183
1300,16.2,11.94,0.8906013878268139,0.006918515416510204
1301,17.466666666666665,0.06,0.0,0.0
1302,17.466666666666665,0.18,0.0,0.0
1303,17.466666666666665,0.3,0.0,0.0
1304,17.466666666666665,0.42,0.0,0.0
1305,17.466666666666665,0.54,0.0,0.0
1306,17.466666666666665,0.66,0.0,0.0
1307,17.466666666666665,0.78,8.709587513935335e-5,6.818573728912455e-5
1308,17.466666666666665,0.9,0.0002641908212560388,0.0001298589449545939
1309,17.466666666666665,1.02,0.0006493765984654736,0.00018490698999518425
1310,17.466666666666665,1.1400000000000001,0.0010279605263157883,0.0002791904841787679
1311,17.466666666666665,1.2600000000000002,0.0015635783298826795,0.00036168283797550983
1312,17.466666666666665,1.38,0.0031136775362318853,0.00045681687151104315
1313,17.466666666666665,1.5,0.004778079710144925,0.0005819150875989449
1314,17.466666666666665,1.62,0.007516857890499195,0.0007903479617140081
1315,17.466666666666665,1.74,0.011956912168915559,0.0010197797214728061
1316,17.466666666666665,1.8599999999999999,0.01796984572230013,0.0017881522591687061
1317,17.466666666666665,1.98,0.02455773770311811,0.0016987517281806654
1318,17.466666666666665,2.1,0.03657964544513465,0.0018977122951252775
1319,17.466666666666665,2.22,0.053070223756365026,0.0026710989930877477
1320,17.466666666666665,2.3400000000000003,0.071505713489409,0.0034414930639586347
1321,17.466666666666665,2.46,0.1015155531990106,0.003313713663553194
1322,17.466666666666665,2.58,0.13898982558139517,0.004361023112949391
1323,17.466666666666665,2.7,0.18882724436392898,0.005527809425081866
1324,17.466666666666665,2.8200000000000003,0.26152482269503574,0.0066039879049811945
1325,17.466666666666665,2.94,0.36213398402839386,0.008767486798802383
1326,17.466666666666665,3.06,0.4961181710002834,0.007408808331271648
1327,17.466666666666665,3.18,0.6616271021328959,0.00904479455145887
1328,17.466666666666665,3.3000000000000003,0.8466217885375485,0.011389473250134494
1329,17.466666666666665,3.42,1.067276291952711,0.009073087141019858
1330,17.466666666666665,3.5399999999999996,1.3002362364898052,0.009928318866697212
1331,17.466666666666665,3.6599999999999997,1.5226764819434526,0.006898126602495654
1332,17.466666666666665,3.78,1.70223358063032,0.008783950993623125
1333,17.466666666666665,3.9,1.833002369007802,0.010092693209016347
1334,17.466666666666665,4.02,1.9074422385355796,0.010144874306154104
1335,17.466666666666665,4.140000000000001,1.9172007915879006,0.011075737022513226
1336,17.466666666666665,4.26,1.8842573101653488,0.012457477828370152
1337,17.466666666666665,4.38,1.7670178181457212,0.013527557016082383
1338,17.466666666666665,4.5,1.6550498188405782,0.009311892766253264
1339,17.466666666666665,4.62,1.5116297877846765,0.009743892934307035
1340,17.466666666666665,4.74,1.3645503691983094,0.009421868431349739
1341,17.466666666666665,4.86,1.2281588276078013,0.010003559521590504
1342,17.466666666666665,4.98,1.0989235474506793,0.007915997990932865
1343,17.466666666666665,5.1,0.9658960731031536,0.007594140894421439
1344,17.466666666666665,5.220000000000001,0.8584672507496237,0.005845216371055418
1345,17.466666666666665,5.34,0.7666166697199137,0.006524275943828049
1346,17.466666666666665,5.460000000000001,0.6711328187211343,0.005570011520323319
1347,17.466666666666665,5.58,0.6100342595839157,0.004433651725841292
1348,17.466666666666665,5.7,0.5593267305492018,0.004489047206306259
1349,17.466666666666665,5.82,0.5203926910578223,0.0035786288456330045
1350,17.466666666666665,5.9399999999999995,0.5077381605914205,0.0030282563133304076
1351,17.466666666666665,6.0600000000000005,0.5088662738556465,0.004740457276475595
1352,17.466666666666665,6.18,0.5254227785985633,0.0049575235382643325
1353,17.466666666666665,6.300000000000001,0.5715633626639058,0.006306137842772676
1354,17.466666666666665,6.42,0.6240661612826774,0.005457916548398818
1355,17.466666666666665,6.540000000000001,0.6964483820303137,0.006209821992415083
1356,17.466666666666665,6.66,0.7908995952474213,0.0060352069456950696
1357,17.466666666666665,6.780000000000001,0.8994670426125406,0.006168078632587907
1358,17.466666666666665,6.9,1.0168138586956612,0.0059372813488546075
1359,17.466666666666665,7.02,1.1199465037780267,0.006477160931525495
1360,17.466666666666665,7.14,1.2483943985202752,0.006374353683484837
1361,17.466666666666665,7.26,1.32944205518625,0.0040753283678966485
1362,17.466666666666665,7.38,1.4077665657770668,0.006990784172979556
1363,17.466666666666665,7.5,1.4518342391304337,0.008246028379626286
1364,17.466666666666665,7.62,1.4873393458290554,0.01172111171719198
1365,17.466666666666665,7.74,1.467279396275697,0.00855295889817769
1366,17.466666666666665,7.86,1.41750547972674,0.011396527937074871
1367,17.466666666666665,7.98,1.3464282309033415,0.006484446824903007
1368,17.466666666666665,8.100000000000001,1.266893535292538,0.0066681406707185436
1369,17.466666666666665,8.22,1.1747944600920348,0.006114762250202521
1370,17.466666666666665,8.34,1.0850239645240312,0.0057701958309402095
1371,17.466666666666665,8.46,0.9974066739901403,0.006024291315699647
1372,17.466666666666665,8.58,0.9333629459308821,0.004864046473553464
1373,17.466666666666665,8.7,0.880255184907549,0.004225864534209197
1374,17.466666666666665,8.82,0.8482547230848835,0.006186872076661522
1375,17.466666666666665,8.94,0.8121702047466187,0.005416402702072441
1376,17.466666666666665,9.06,0.8050496688741722,0.007933609775813847
1377,17.466666666666665,9.18,0.8184975756607002,0.008904183392601364
1378,17.466666666666665,9.3,0.8485145658017728,0.008436061963999103
1379,17.466666666666665,9.42,0.8934992470922156,0.008779638233409407
1380,17.466666666666665,9.540000000000001,0.9559328285935631,0.00730377829619881
1381,17.466666666666665,9.66,1.0301437741920965,0.007823192773686212
1382,17.466666666666665,9.780000000000001,1.104827606806261,0.005111910482289897
1383,17.466666666666665,9.9,1.1857415870663182,0.006335383804977421
1384,17.466666666666665,10.02,1.2446065748937039,0.006980906784400931
1385,17.466666666666665,10.14,1.284047787496782,0.010291667675028267
1386,17.466666666666665,10.26,1.2833665061657766,0.007652268791116002
1387,17.466666666666665,10.379999999999999,1.239755788200546,0.00842255641112138
1388,17.466666666666665,10.5,1.1746522386128386,0.008447620968181833
1389,17.466666666666665,10.620000000000001,1.0934877282403965,0.006858007783309085
1390,17.466666666666665,10.74,1.0094134584244174,0.006452281900257451
1391,17.466666666666665,10.86,0.9309942749619665,0.005020271736779355
1392,17.466666666666665,10.98,0.8699704749742622,0.006121948610368722
1393,17.466666666666665,11.100000000000001,0.8424020147865224,0.00809816004769711
1394,17.466666666666665,11.22,0.8562371032899302,0.009288471572954708
1395,17.466666666666665,11.34,0.9109790756077027,0.008936665837406455
1396,17.466666666666665,11.46,1.0138332645686376,0.0054537165799192575
1397,17.466666666666665,11.58,1.1409112882030494,0.005931453847589346
1398,17.466666666666665,11.7,1.2530033560943912,0.013398550693130777
1399,17.466666666666665,11.82,1.2036051989075227,0.012140574427423823
1400,17.466666666666665,11.94,0.8846556719284819,0.01140694942057479
1401,18.733333333333334,0.06,0.0,0.0
1402,18.733333333333334,0.18,0.0,0.0
1403,18.733333333333334,0.3,0.0,0.0
1404,18.733333333333334,0.42,0.0,0.0
1405,18.733333333333334,0.54,0.0,0.0
1406,18.733333333333334,0.66,2.573287220026352e-5,2.5732872200263504e-5
1407,18.733333333333334,0.78,0.0,0.0
1408,18.733333333333334,0.9,0.00030193236714975855,0.00023637722260229867
1409,18.733333333333334,1.02,0.0002830615942028987,0.0001883572235760882
1410,18.733333333333334,1.1400000000000001,0.0008193888253241791,0.00020669240535850232
1411,18.733333333333334,1.2600000000000002,0.0011996419944789527,0.0001914672341249566
1412,18.733333333333334,1.38,0.0033475110270951487,0.0007222046419161694
1413,18.733333333333334,1.5,0.004619565217391302,0.0006676073713488125
1414,18.733333333333334,1.62,0.006562835480407943,0.0007106942589942544
1415,18.733333333333334,1.74,0.010073088455772128,0.0010211063866989972
1416,18.733333333333334,1.8599999999999999,0.015677959911173434,0.001131551360400231
1417,18.733333333333334,1.98,0.022224623956960884,0.0015110439047988648
1418,18.733333333333334,2.1,0.0326491330227744,0.0018031182822868632
1419,18.733333333333334,2.22,0.04600133421464941,0.002483951179258857
1420,18.733333333333334,2.3400000000000003,0.06404450018580442,0.0025553018323482826
1421,18.733333333333334,2.46,0.09256114130434817,0.003091986985373365
1422,18.733333333333334,2.58,0.13061646865520715,0.003121098896600708
1423,18.733333333333334,2.7,0.18366294283413834,0.004597563875311729
1424,18.733333333333334,2.8200000000000003,0.25844728068146794,0.0050067819231134425
1425,18.733333333333334,2.94,0.3518513383614314,0.006044500977761283
1426,18.733333333333334,3.06,0.4840852781329918,0.007978736091623199
1427,18.733333333333334,3.18,0.6418768799562483,0.00993186251510686
1428,18.733333333333334,3.3000000000000003,0.8404201663372851,0.009370879602069889
1429,18.733333333333334,3.42,1.0707574529621184,0.009031125374842804
1430,18.733333333333334,3.5399999999999996,1.297223309690493,0.007902653052238681
1431,18.733333333333334,3.6599999999999997,1.524829606200996,0.00807571529580983
1432,18.733333333333334,3.78,1.7061604986197383,0.008060806710870281
1433,18.733333333333334,3.9,1.8397914924749148,0.007468850694917534
1434,18.733333333333334,4.02,1.9177254015249803,0.006506142972519348
1435,18.733333333333334,4.140000000000001,1.9255982855492533,0.00905493054703303
1436,18.733333333333334,4.26,1.8895198637477122,0.010673523311544746
1437,18.733333333333334,4.38,1.7899225419396465,0.009720595630895126
1438,18.733333333333334,4.5,1.665141908212559,0.011463838372371417
1439,18.733333333333334,4.62,1.5251138128176143,0.008869069388185656
1440,18.733333333333334,4.74,1.380179668868095,0.010665735694668985
1441,18.733333333333334,4.86,1.2296964461442126,0.007724327943374514
1442,18.733333333333334,4.98,1.0976719377510111,0.0076701905918652264
1443,18.733333333333334,5.1,0.9657062553282173,0.00746879258638461
1444,18.733333333333334,5.220000000000001,0.8593749999999987,0.006522318880350974
1445,18.733333333333334,5.34,0.7559684650301237,0.0062980820039778215
1446,18.733333333333334,5.460000000000001,0.6702960762064025,0.004912830260308411
1447,18.733333333333334,5.58,0.6031981699002626,0.0043247194551762035
1448,18.733333333333334,5.7,0.555730358504961,0.004576969402933074
1449,18.733333333333334,5.82,0.5300372123860758,0.004993895427500072
1450,18.733333333333334,5.9399999999999995,0.5036437747035564,0.003525311968362949
1451,18.733333333333334,6.0600000000000005,0.5105674460109056,0.0037739011714362936
1452,18.733333333333334,6.18,0.5289431854157858,0.003486227270490284
1453,18.733333333333334,6.300000000000001,0.5707519194271908,0.004325262213787086
1454,18.733333333333334,6.42,0.6259444204591635,0.004991562791327713
1455,18.733333333333334,6.540000000000001,0.7037560455723961,0.0044208888310086035
1456,18.733333333333334,6.66,0.7924092570831702,0.004356981053961015
1457,18.733333333333334,6.780000000000001,0.8980417147620855,0.005312329987213426
1458,18.733333333333334,6.9,1.007423597983626,0.004013895176618658
1459,18.733333333333334,7.02,1.1179360406602263,0.005930272928193612
1460,18.733333333333334,7.14,1.2299383068444747,0.006060522707945877
1461,18.733333333333334,7.26,1.3321089164870044,0.0056449547429749435
1462,18.733333333333334,7.38,1.3955857119712467,0.006141534506086217
1463,18.733333333333334,7.5,1.450407608695651,0.00552799884789296
1464,18.733333333333334,7.62,1.4818252168207247,0.006452997717254367
1465,18.733333333333334,7.74,1.462844764633185,0.005617756892522907
1466,18.733333333333334,7.86,1.4230003318951208,0.006197768539921187
1467,18.733333333333334,7.98,1.3480499822926846,0.005054501767817909
1468,18.733333333333334,8.100000000000001,1.269812214841652,0.0053600196483560795
1469,18.733333333333334,8.22,1.1859165079868832,0.007014292111219022
1470,18.733333333333334,8.34,1.0919172270878932,0.004928290363591954
1471,18.733333333333334,8.46,1.011266654460898,0.004858071254410133
1472,18.733333333333334,8.58,0.9392518147613271,0.004698229882588576
1473,18.733333333333334,8.7,0.8782659451524266,0.00408033718195031
1474,18.733333333333334,8.82,0.8375580757665358,0.004975881354077875
1475,18.733333333333334,8.94,0.8124133717537191,0.0037535887158253066
1476,18.733333333333334,9.06,0.8068361437038105,0.004567786404343024
1477,18.733333333333334,9.18,0.8172598749644795,0.005292174357324171
1478,18.733333333333334,9.3,0.84677236734455,0.006905318106813761
1479,18.733333333333334,9.42,0.8902701813901939,0.006434319682702514
1480,18.733333333333334,9.540000000000001,0.9497339577066798,0.007375792363331854
1481,18.733333333333334,9.66,1.0266925325186782,0.006799093887688438
1482,18.733333333333334,9.780000000000001,1.10303893538277,0.006226540665170129
1483,18.733333333333334,9.9,1.1814390508344341,0.005593494412075283
1484,18.733333333333334,10.02,1.2440946910526898,0.004954388958868842
1485,18.733333333333334,10.14,1.278136992432036,0.005960801603542245
1486,18.733333333333334,10.26,1.2740635461691665,0.005903580191484198
1487,18.733333333333334,10.379999999999999,1.2489953767697008,0.0064400248882192064
1488,18.733333333333334,10.5,1.191838121118015,0.007352460595545973
1489,18.733333333333334,10.620000000000001,1.1062318968517124,0.006040663564124612
1490,18.733333333333334,10.74,1.0156186746012452,0.004511837190581008
1491,18.733333333333334,10.86,0.9277883287292816,0.004138843971992413
1492,18.733333333333334,10.98,0.8712775080185324,0.0052618823754751205
1493,18.733333333333334,11.100000000000001,0.8363705077359936,0.005578841356171297
1494,18.733333333333334,11.22,0.8520275081376403,0.006496347101948508
1495,18.733333333333334,11.34,0.9004129404378539,0.007677083806851769
1496,18.733333333333334,11.46,1.0048138254989054,0.005204450425249934
1497,18.733333333333334,11.58,1.1449225496545776,0.004076382632273857
1498,18.733333333333334,11.7,1.2567557367149786,0.009951024224542896
1499,18.733333333333334,11.82,1.2142868227212507,0.008603580522903524
1500,18.733333333333334,11.94,0.8793528899024096,0.007773871667566679
1501,20.0,0.06,0.0,0.0
1502,20.0,0.18,0.0,0.0
1503,20.0,0.3,0.0,0.0
1504,20.0,0.42,0.0,0.0
1505,20.0,0.54,0.0,0.0
1506,20.0,0.66,0.0,0.0
1507,20.0,0.78,4.3547937569676676e-5,4.354793756967664e-5
1508,20.0,0.9,3.774154589371982e-5,3.77415458937198e-5
1509,20.0,1.02,0.00014985613810741696,8.018915280228554e-5
1510,20.0,1.1400000000000001,0.00038734744469870285,0.0001636372986622799
1511,20.0,1.2600000000000002,0.0007009144237405116,0.00021282094306883343
1512,20.0,1.38,0.0012799306868304982,0.00025380248063915285
1513,20.0,1.5,0.0030570652173913023,0.0005783794837563986
1514,20.0,1.62,0.00561929683306495,0.0006243640714251092
1515,20.0,1.74,0.008501608570714655,0.0008412142836704755
1516,20.0,1.8599999999999999,0.012911261103319298,0.0010941846572638172
1517,20.0,1.98,0.019222455533596815,0.001410436417892892
1518,20.0,2.1,0.02883993271221538,0.0015637975189531337
1519,20.0,2.22,0.042696398844496664,0.0021721358306419514
1520,20.0,2.3400000000000003,0.05985664018952051,0.0022257946308003027
1521,20.0,2.46,0.0824675790915521,0.0032363164611714937
1522,20.0,2.58,0.11730599089989875,0.0034307032389535677
1523,20.0,2.7,0.17828477254428324,0.004955260071652303
1524,20.0,2.8200000000000003,0.24667312288004956,0.005561176739794029
1525,20.0,2.94,0.34922290927240457,0.006914333285081571
1526,20.0,3.06,0.47787457374253994,0.007434572039275065
1527,20.0,3.18,0.6372090340442987,0.007893935435708821
1528,20.0,3.3000000000000003,0.8313570487483524,0.009048345881386194
1529,20.0,3.42,1.0598670305746283,0.008043864917658029
1530,20.0,3.5399999999999996,1.2810935964750674,0.00857398125201797
1531,20.0,3.6599999999999997,1.4988204220123529,0.0074765498142114655
1532,20.0,3.78,1.7044351708074534,0.006775480530332822
1533,20.0,3.9,1.849602842809363,0.008410492669954705
1534,20.0,4.02,1.9296351124810696,0.008499406521654977
1535,20.0,4.140000000000001,1.9475827360323446,0.01078118442513886
1536,20.0,4.26,1.8950933864053974,0.009087422792049597
1537,20.0,4.38,1.7995699014790547,0.010210496149378372
1538,20.0,4.5,1.6812839673913025,0.010975040230403776
1539,20.0,4.62,1.5257240495012205,0.010170806460958727
1540,20.0,4.74,1.3803373234268912,0.007932644445588749
1541,20.0,4.86,1.240962996511004,0.00756108169499434
1542,20.0,4.98,1.0954722422297956,0.007130100559187224
1543,20.0,5.1,0.9711077365728893,0.005969518091451652
1544,20.0,5.220000000000001,0.8670469452773601,0.006692849409034633
1545,20.0,5.34,0.7578417602996239,0.006756399577510244
1546,20.0,5.460000000000001,0.6748966047539419,0.005913375924913474
1547,20.0,5.58,0.6112030300373985,0.004341330087990125
1548,20.0,5.7,0.5548245614035116,0.005006985733504653
1549,20.0,5.82,0.5223011681981182,0.0046638708132771605
1550,20.0,5.9399999999999995,0.5050018985141259,0.0042192815839723185
1551,20.0,6.0600000000000005,0.5022661743076483,0.00417631938879103
1552,20.0,6.18,0.5253210962783155,0.004861016624492529
1553,20.0,6.300000000000001,0.5615672446514834,0.0045097125232086074
1554,20.0,6.42,0.6222990103955037,0.004834509283631146
1555,20.0,6.540000000000001,0.6969755517883248,0.004474123412826802
1556,20.0,6.66,0.790601233026505,0.005277192749083938
1557,20.0,6.780000000000001,0.898953523791199,0.005331014199025404
1558,20.0,6.9,1.0108080300882256,0.006066605312930747
1559,20.0,7.02,1.133497170351791,0.0054936246656992205
1560,20.0,7.14,1.2490556684630354,0.005366761102691314
1561,20.0,7.26,1.3390918822613487,0.006597896593087785
1562,20.0,7.38,1.4194549384352502,0.007262669409699603
1563,20.0,7.5,1.4660303442028977,0.006862922864661603
1564,20.0,7.62,1.4799775155483301,0.006373244104931172
1565,20.0,7.74,1.4707661007190178,0.006703383162274327
1566,20.0,7.86,1.4082443958125899,0.006476002220568128
1567,20.0,7.98,1.3457258976244926,0.0066922674174907685
1568,20.0,8.100000000000001,1.2624945484433694,0.006819452542607785
1569,20.0,8.22,1.172346080609331,0.0077591567369958364
1570,20.0,8.34,1.0778517131946599,0.006963818800103899
1571,20.0,8.46,1.0010985198889997,0.005864910100159433
1572,20.0,8.58,0.9311103298875051,0.006376660232841963
1573,20.0,8.7,0.8795309376561744,0.00552176458885519
1574,20.0,8.82,0.8413707421374321,0.005690476474253097
1575,20.0,8.94,0.8124608653097936,0.005545936000863294
1576,20.0,9.06,0.8108646163259431,0.006140452274264701
1577,20.0,9.18,0.8174319320119363,0.005891604392574817
1578,20.0,9.3,0.8479228757596969,0.005872431756546099
1579,20.0,9.42,0.8896607876396169,0.006539379584837285
1580,20.0,9.540000000000001,0.9583059173047106,0.006254105814715869
1581,20.0,9.66,1.0254688625213788,0.007375545902149642
1582,20.0,9.780000000000001,1.1146930848226209,0.006736180562115118
1583,20.0,9.9,1.1849026954325896,0.0065380235511539805
1584,20.0,10.02,1.2440336717868743,0.006477058818318673
1585,20.0,10.14,1.2764252235014133,0.006231769839682442
1586,20.0,10.26,1.271698078226968,0.007156572563323457
1587,20.0,10.379999999999999,1.2381474093155669,0.008998035540425166
1588,20.0,10.5,1.175328351449278,0.0085368712102047
1589,20.0,10.620000000000001,1.0906651083885994,0.00719065452627588
1590,20.0,10.74,1.0028619266658556,0.005232264938639934
1591,20.0,10.86,0.928492073024261,0.005098610922786728
1592,20.0,10.98,0.8724886404134009,0.0075317034060296655
1593,20.0,11.100000000000001,0.8559996817469611,0.007568124571906124
1594,20.0,11.22,0.8596898492598597,0.008283823692521052
1595,20.0,11.34,0.9180900621118052,0.00728426607734372
1596,20.0,11.46,1.0169691720730003,0.005063244840544694
1597,20.0,11.58,1.1374162841668554,0.0076710419026506296
1598,20.0,11.7,1.2326548564660003,0.011314620426621064
1599,20.0,11.82,1.2032057515816934,0.008646830470182566
1600,20.0,11.94,0.8990391836901889,0.00934632260819443
