row_iter,kappa,r,g_r,g_r_err
1,1.0,0.057008771254956896,0.0,0.0
2,1.0,0.17102631376487068,0.005929487179487179,0.0049338123865689
3,1.0,0.28504385627478446,0.0027884615384615387,0.0009123589401412466
4,1.0,0.39906139878469826,0.007108516483516485,0.0019356858471517794
5,1.0,0.5130789412946121,0.00878739316239316,0.0009441371642127716
6,1.0,0.6270964838045259,0.018225524475524495,0.0016700704841040893
7,1.0,0.7411140263144397,0.022947485207100583,0.001111687152512807
8,1.0,0.8551315688243535,0.03309294871794872,0.0016138123650602722
9,1.0,0.9691491113342672,0.04571549773755659,0.002044643889630699
10,1.0,1.083166653844181,0.058400809716599104,0.0022138460960004474
11,1.0,1.1971841963540948,0.07011217948717957,0.0016029109004245304
12,1.0,1.3112017388640087,0.08942307692307695,0.0023527039406909724
13,1.0,1.4252192813739224,0.10746153846153836,0.002246755417590151
14,1.0,1.5392368238838363,0.13752670940170936,0.0026074927240817706
15,1.0,1.65325436639375,0.16416611405835566,0.003374643304147834
16,1.0,1.7672719089036637,0.19789081885856058,0.0025034043044908985
17,1.0,1.8812894514135776,0.2408289627039624,0.0037369559027954436
18,1.0,1.9953069939234913,0.2790521978021983,0.00393572509392992
19,1.0,2.1093245364334052,0.3269750519750518,0.0036873938866093347
20,1.0,2.223342078943319,0.38353673570019653,0.0035345976494373017
21,1.0,2.337359621453233,0.44108818011257195,0.0037320629145464676
22,1.0,2.4513771639631465,0.5007938282647577,0.004210337840806084
23,1.0,2.5653947064730604,0.5736111111111105,0.004858776483949876
24,1.0,2.679412248982974,0.6412438625204588,0.0042227877399857415
25,1.0,2.793429791492888,0.7154385792778647,0.005175417336689695
26,1.0,2.9074473340028018,0.7811887254901948,0.005013615941459561
27,1.0,3.0214648765127157,0.844498367198839,0.004497021822356196
28,1.0,3.1354824190226296,0.9109178321678311,0.005145139924023343
29,1.0,3.249499961532543,0.9734606950067507,0.0040176588827593234
30,1.0,3.3635175040424565,1.0407268578878743,0.005285728758695849
31,1.0,3.4775350465523704,1.0834449873896583,0.006334163889440837
32,1.0,3.5915525890622844,1.1346077533577534,0.005914641390854663
33,1.0,3.7055701315721983,1.173136094674555,0.006032014250570949
34,1.0,3.819587674082112,1.1984321182548774,0.004831391609639891
35,1.0,3.933605216592026,1.2304382664437008,0.00565474335694863
36,1.0,4.04762275910194,1.2409161700975135,0.005639581185019424
37,1.0,4.161640301611854,1.2566616174920968,0.004146342212646157
38,1.0,4.275657844121767,1.2597339743589733,0.005701112162331933
39,1.0,4.389675386631682,1.2573676323676306,0.006087469082850741
40,1.0,4.503692929141595,1.2296951071080788,0.006566558377372214
41,1.0,4.61771047165151,1.2002492877492883,0.005480889246688518
42,1.0,4.731728014161423,1.1688745366079778,0.004276331297987431
43,1.0,4.845745556671336,1.1321804298642526,0.003807857672344694
44,1.0,4.9597630991812505,1.0942418213969922,0.0034377555710015527
45,1.0,5.0737806416911635,1.0607524848746737,0.003478320922635421
46,1.0,5.187798184201078,1.0221946322907862,0.004881677370057929
47,1.0,5.301815726710991,0.9885649296939588,0.004789369372709414
48,1.0,5.415833269220905,0.9616295546558751,0.004413320514895324
49,1.0,5.529850811730819,0.9316365979381458,0.0040388532572159675
50,1.0,5.643868354240732,0.9266025641025623,0.0032663480440667694
51,1.0,5.757885896750647,0.9129974295506476,0.0034696477057453304
52,1.0,5.87190343926056,0.9167289021657924,0.0036232048866054476
53,1.0,5.985920981770475,0.907559523809523,0.0031878018500537757
54,1.0,6.099938524280388,0.9124730409777148,0.0032843323655290615
55,1.0,6.213956066790303,0.9203885850388128,0.0032657806674073354
56,1.0,6.327973609300216,0.9291601697851701,0.0030476224531229925
57,1.0,6.4419911518101305,0.9431288291354637,0.003267271497379763
58,1.0,6.5560086943200435,0.9635221571906442,0.0036117649245227565
59,1.0,6.6700262368299565,0.9841757067718615,0.004908125466453822
60,1.0,6.78404377933987,0.9989111990950207,0.004789467765525397
61,1.0,6.898061321849784,1.0185096153846152,0.002583291884230961
62,1.0,7.012078864359697,1.0470841150719172,0.00407050793152604
63,1.0,7.126096406869612,1.0652499999999991,0.003452532466928811
64,1.0,7.240113949379525,1.0901839794064214,0.0026882013898643863
65,1.0,7.35413149188944,1.1083053816338682,0.0037032404205694937
66,1.0,7.468149034399353,1.122364944216089,0.0021985981233307093
67,1.0,7.582166576909268,1.1400086755349887,0.0035695500965807936
68,1.0,7.696184119419181,1.1494604700854687,0.003213032849139615
69,1.0,7.810201661929096,1.142765651319484,0.00359174644068372
70,1.0,7.924219204439009,1.1420396375207507,0.003373703156036351
71,1.0,8.038236746948922,1.1247545008183395,0.0040334246729718205
72,1.0,8.152254289458835,1.1105348977945144,0.00275534094941104
73,1.0,8.26627183196875,1.0993633952254669,0.002911809289093188
74,1.0,8.380289374478664,1.0728627027734141,0.0035424600555941494
75,1.0,8.494306916988577,1.0535638229220425,0.0024250913131810795
76,1.0,8.60832445949849,1.0301181227712681,0.0026471125253118236
77,1.0,8.722342002008405,1.0034203745600816,0.0033644028578867784
78,1.0,8.83635954451832,0.995874689826298,0.0032501809495134554
79,1.0,8.950377087028233,0.9774007839294435,0.0028292635630411678
80,1.0,9.064394629538146,0.9727805999032398,0.003442087209089447
81,1.0,9.178412172048061,0.9624313186813185,0.0032204327002173824
82,1.0,9.292429714557976,0.9712688768286935,0.002871634498269038
83,1.0,9.406447257067889,0.9754691142191169,0.003737106403374947
84,1.0,9.520464799577802,0.9929208889912589,0.0031594282183718095
85,1.0,9.634482342087715,1.015407373691396,0.002787690310688325
86,1.0,9.748499884597628,1.0415598290598291,0.0028757842112237457
87,1.0,9.862517427107543,1.0634601489550857,0.002614734294693285
88,1.0,9.976534969617457,1.0799505494505521,0.002765595447282379
89,1.0,10.09055251212737,1.0871591156019091,0.0042268115889918315
90,1.0,10.204570054637284,1.0949008917060574,0.0032232872821495655
91,1.0,10.318587597147198,1.0886753612409688,0.0031555403324044166
92,1.0,10.432605139657113,1.07824978982766,0.002965583927589574
93,1.0,10.546622682167026,1.0539566008315966,0.002538186048854232
94,1.0,10.66064022467694,1.0328105717811573,0.0027398025942112483
95,1.0,10.774657767186854,1.0226877289377334,0.0019742877321526995
96,1.0,10.888675309696767,1.0101892871526437,0.002031340345649237
97,1.0,11.002692852206682,1.0017449681147876,0.0025911326350297947
98,1.0,11.116710394716595,1.0135071499013824,0.002803638806074951
99,1.0,11.230727937226508,1.0432838734869163,0.002435892755481935
100,1.0,11.344745479736423,1.0742873018940842,0.0028075599024899624
101,2.2666666666666666,0.057008771254956896,0.0,0.0
102,2.2666666666666666,0.17102631376487068,0.003044871794871795,0.0028815982291102928
103,2.2666666666666666,0.28504385627478446,0.0023557692307692307,0.0006178006812957603
104,2.2666666666666666,0.39906139878469826,0.003743131868131869,0.0005856129176484927
105,2.2666666666666666,0.5130789412946121,0.007638888888888888,0.0010628042605534563
106,2.2666666666666666,0.6270964838045259,0.011909965034965045,0.0010378408037960657
107,2.2666666666666666,0.7411140263144397,0.01810281065088757,0.0012876592898640664
108,2.2666666666666666,0.8551315688243535,0.027467948717948727,0.001142053862418685
109,2.2666666666666666,0.9691491113342672,0.037457579185520375,0.0012742933112661861
110,2.2666666666666666,1.083166653844181,0.051897773279352175,0.002339930646128505
111,2.2666666666666666,1.1971841963540948,0.06338141025641035,0.002927654590797825
112,2.2666666666666666,1.3112017388640087,0.08414506688963211,0.00380805415611076
113,2.2666666666666666,1.4252192813739224,0.1033942307692307,0.002188069316202344
114,2.2666666666666666,1.5392368238838363,0.12589921652421648,0.0024537531187463707
115,2.2666666666666666,1.65325436639375,0.1606929708222814,0.0025091030244968576
116,2.2666666666666666,1.7672719089036637,0.19126085607940432,0.002399098082556082
117,2.2666666666666666,1.8812894514135776,0.2331148018648016,0.003396683676399387
118,2.2666666666666666,1.9953069939234913,0.26970467032967094,0.00267771092759635
119,2.2666666666666666,2.1093245364334052,0.3329716735966734,0.00304767010854945
120,2.2666666666666666,2.223342078943319,0.38013436883629115,0.0037068068054303864
121,2.2666666666666666,2.337359621453233,0.44016181988743125,0.004012266739655856
122,2.2666666666666666,2.4513771639631465,0.5091849284436486,0.003030450451216916
123,2.2666666666666666,2.5653947064730604,0.5755021367521362,0.004450884746917161
124,2.2666666666666666,2.679412248982974,0.6536569148936177,0.002946577740880619
125,2.2666666666666666,2.793429791492888,0.7232829670329667,0.004518605359578501
126,2.2666666666666666,2.9074473340028018,0.8079609728506775,0.0027734700098095877
127,2.2666666666666666,3.0214648765127157,0.8751995645863571,0.005196521789269029
128,2.2666666666666666,3.1354824190226296,0.9375917832167824,0.004495029675007065
129,2.2666666666666666,3.249499961532543,0.9918564439946049,0.004859091627496047
130,2.2666666666666666,3.3635175040424565,1.0591712842242498,0.004247245303332053
131,2.2666666666666666,3.4775350465523704,1.1014501891551058,0.003395839360229982
132,2.2666666666666666,3.5915525890622844,1.138556929181929,0.004687990672891242
133,2.2666666666666666,3.7055701315721983,1.180118343195265,0.00452687672332846
134,2.2666666666666666,3.819587674082112,1.206246412169918,0.005848560462158529
135,2.2666666666666666,3.933605216592026,1.2167711817168334,0.005661095122431391
136,2.2666666666666666,4.04762275910194,1.230356175514632,0.0035540516491434
137,2.2666666666666666,4.161640301611854,1.2253260010537403,0.006613383898064486
138,2.2666666666666666,4.275657844121767,1.2164358974358962,0.005313307427285166
139,2.2666666666666666,4.389675386631682,1.201994880119878,0.005217342444993237
140,2.2666666666666666,4.503692929141595,1.1857807935735123,0.004331747954763265
141,2.2666666666666666,4.61771047165151,1.1650967473884148,0.004585307775851608
142,2.2666666666666666,4.731728014161423,1.1247625115848083,0.004547951080700312
143,2.2666666666666666,4.845745556671336,1.090322398190044,0.006792313085494511
144,2.2666666666666666,4.9597630991812505,1.0573054818744458,0.004736776369837899
145,2.2666666666666666,5.0737806416911635,1.0250513180639562,0.003448423549398631
146,2.2666666666666666,5.187798184201078,0.9960825232459851,0.0030208852191871277
147,2.2666666666666666,5.301815726710991,0.9717354218362253,0.0029551140233717013
148,2.2666666666666666,5.415833269220905,0.9519585020242962,0.0027727179024508012
149,2.2666666666666666,5.529850811730819,0.9478737113402076,0.002772419876501928
150,2.2666666666666666,5.643868354240732,0.9276126651126633,0.002713708764428456
151,2.2666666666666666,5.757885896750647,0.9312690403655755,0.0028016398182269873
152,2.2666666666666666,5.87190343926056,0.9293502613890934,0.0042203835694982735
153,2.2666666666666666,5.985920981770475,0.9415865384615377,0.0032318288412115873
154,2.2666666666666666,6.099938524280388,0.9454866103522658,0.0030399125612735793
155,2.2666666666666666,6.213956066790303,0.9605945659844725,0.002810748387007002
156,2.2666666666666666,6.327973609300216,0.9772457553707555,0.003596679047248435
157,2.2666666666666666,6.4419911518101305,1.0022017528931217,0.004711374877011666
158,2.2666666666666666,6.5560086943200435,1.014188963210711,0.003698135841026305
159,2.2666666666666666,6.6700262368299565,1.0308247041420129,0.0036436093459273175
160,2.2666666666666666,6.78404377933987,1.0411926308985109,0.002872046494308506
161,2.2666666666666666,6.898061321849784,1.0648065003178642,0.0035831658607566887
162,2.2666666666666666,7.012078864359697,1.0736788617886148,0.002757583422789712
163,2.2666666666666666,7.126096406869612,1.0912538461538452,0.0034547579027254492
164,2.2666666666666666,7.240113949379525,1.108498637189583,0.0022349377301823722
165,2.2666666666666666,7.35413149188944,1.1089184555754301,0.0031763705434194934
166,2.2666666666666666,7.468149034399353,1.1186435701702877,0.003625959950059361
167,2.2666666666666666,7.582166576909268,1.1189686957779033,0.003456935745747127
168,2.2666666666666666,7.696184119419181,1.1069444444444436,0.0024235866870365294
169,2.2666666666666666,7.810201661929096,1.101910794497474,0.004356936099134125
170,2.2666666666666666,7.924219204439009,1.0981858743774193,0.003579622580939487
171,2.2666666666666666,8.038236746948922,1.0824962493180665,0.0028674330826099497
172,2.2666666666666666,8.152254289458835,1.0794076116191513,0.004146866413146105
173,2.2666666666666666,8.26627183196875,1.0595258620689687,0.003544914330874021
174,2.2666666666666666,8.380289374478664,1.041010923600206,0.002492308520660102
175,2.2666666666666666,8.494306916988577,1.0315936370676284,0.003811940325834455
176,2.2666666666666666,8.60832445949849,1.0109542154865,0.002875063265739083
177,2.2666666666666666,8.722342002008405,0.9992254273504285,0.004527273853281563
178,2.2666666666666666,8.83635954451832,0.9920455955334944,0.002490148268059872
179,2.2666666666666666,8.950377087028233,0.9827045565899041,0.002134517865099404
180,2.2666666666666666,9.064394629538146,0.9792830793420402,0.0044496770635591215
181,2.2666666666666666,9.178412172048061,0.9886810200668891,0.0038233201477368695
182,2.2666666666666666,9.292429714557976,0.992310641812177,0.0023645373618623685
183,2.2666666666666666,9.406447257067889,1.005946969696972,0.004986713888590891
184,2.2666666666666666,9.520464799577802,1.0194625172731568,0.003963980930567015
185,2.2666666666666666,9.634482342087715,1.028557407828856,0.002334904441696757
186,2.2666666666666666,9.748499884597628,1.055244883040936,0.002973137657378153
187,2.2666666666666666,9.862517427107543,1.0603143063583755,0.0029870415907315164
188,2.2666666666666666,9.976534969617457,1.0745590659340687,0.0024224659309646985
189,2.2666666666666666,10.09055251212737,1.0740846371142951,0.0028485096975448495
190,2.2666666666666666,10.204570054637284,1.0830548990116011,0.0018823657589167036
191,2.2666666666666666,10.318587597147198,1.0733173076923075,0.0024255521859724133
192,2.2666666666666666,10.432605139657113,1.0614202395964702,0.0038115284247708116
193,2.2666666666666666,10.546622682167026,1.0498102910602867,0.004561006268356467
194,2.2666666666666666,10.66064022467694,1.0283692410530618,0.003101838689819503
195,2.2666666666666666,10.774657767186854,1.0225134818884865,0.003399059732013636
196,2.2666666666666666,10.888675309696767,1.017320277889655,0.0024745375244417897
197,2.2666666666666666,11.002692852206682,1.0298014647269838,0.0022216189725480294
198,2.2666666666666666,11.116710394716595,1.0392110453648935,0.0026596956120001664
199,2.2666666666666666,11.230727937226508,1.048142815306518,0.0031531636431931377
200,2.2666666666666666,11.344745479736423,1.048796868960184,0.002720898806181607
201,3.533333333333333,0.057008771254956896,0.0,0.0
202,3.533333333333333,0.17102631376487068,0.00024038461538461537,0.000134234513777903
203,3.533333333333333,0.28504385627478446,0.0015384615384615385,0.00039076962153904767
204,3.533333333333333,0.39906139878469826,0.0029876373626373633,0.0004608521271164209
205,3.533333333333333,0.5130789412946121,0.006677350427350425,0.0008154026454312896
206,3.533333333333333,0.6270964838045259,0.00972465034965036,0.0009053521214295125
207,3.533333333333333,0.7411140263144397,0.013627958579881654,0.0011426093943794045
208,3.533333333333333,0.8551315688243535,0.0236698717948718,0.0011538712833859429
209,3.533333333333333,0.9691491113342672,0.029510746606334858,0.0012368129706854319
210,3.533333333333333,1.083166653844181,0.042522773279352166,0.0017408379517624968
211,3.533333333333333,1.1971841963540948,0.05879120879120885,0.0013959934056583577
212,3.533333333333333,1.3112017388640087,0.07015050167224082,0.0018625523728231469
213,3.533333333333333,1.4252192813739224,0.09523076923076915,0.002476651804573957
214,3.533333333333333,1.5392368238838363,0.1255252849002849,0.0023743556522830165
215,3.533333333333333,1.65325436639375,0.1511438992042442,0.00261791942364846
216,3.533333333333333,1.7672719089036637,0.1863135856079403,0.002592876631175446
217,3.533333333333333,1.8812894514135776,0.22931235431235406,0.0029286408129720765
218,3.533333333333333,1.9953069939234913,0.278145604395605,0.0029766170764712017
219,3.533333333333333,2.1093245364334052,0.3246946465696463,0.0030251539127655073
220,3.533333333333333,2.223342078943319,0.3802021696252459,0.0031796471220363093
221,3.533333333333333,2.337359621453233,0.45112570356472953,0.0029702429458065907
222,3.533333333333333,2.4513771639631465,0.5218917710196774,0.003668676775957582
223,3.533333333333333,2.5653947064730604,0.5974679487179483,0.003392878315812989
224,3.533333333333333,2.679412248982974,0.6717829378068745,0.0057888406497145295
225,3.533333333333333,2.793429791492888,0.7492395996860282,0.0031342657366286407
226,3.533333333333333,2.9074473340028018,0.8241515837104061,0.003853318672338351
227,3.533333333333333,3.0214648765127157,0.8986665457184327,0.0036647630017804184
228,3.533333333333333,3.1354824190226296,0.9627403846153835,0.004506298838986344
229,3.533333333333333,3.249499961532543,1.0235028677462916,0.005327740843605913
230,3.533333333333333,3.3635175040424565,1.067731421121251,0.004671449785111297
231,3.533333333333333,3.4775350465523704,1.1013674337957111,0.007184479097363188
232,3.533333333333333,3.5915525890622844,1.1446924603174604,0.005976420380885101
233,3.533333333333333,3.7055701315721983,1.1764497041420106,0.004770927749161222
234,3.533333333333333,3.819587674082112,1.1887485648679652,0.003463951541236614
235,3.533333333333333,3.933605216592026,1.195896042363433,0.006117554238682501
236,3.533333333333333,4.04762275910194,1.2017571776814788,0.004025621235005476
237,3.533333333333333,4.161640301611854,1.1987585616438352,0.004311160420079134
238,3.533333333333333,4.275657844121767,1.1767371794871786,0.004129744632001027
239,3.533333333333333,4.389675386631682,1.1631243756243739,0.004790577966348713
240,3.533333333333333,4.503692929141595,1.1453322784810098,0.0038292660475903015
241,3.533333333333333,4.61771047165151,1.1137078584995257,0.0036175778767208126
242,3.533333333333333,4.731728014161423,1.0773024791473658,0.003418455058766882
243,3.533333333333333,4.845745556671336,1.05491515837104,0.004163269621545587
244,3.533333333333333,4.9597630991812505,1.0236267683465945,0.003366152124782832
245,3.533333333333333,5.0737806416911635,1.0015368409680185,0.003924611656733719
246,3.533333333333333,5.187798184201078,0.9775464919695689,0.0034657083685905752
247,3.533333333333333,5.301815726710991,0.9614919354838678,0.00356360886732845
248,3.533333333333333,5.415833269220905,0.948198380566806,0.003186988621032335
249,3.533333333333333,5.529850811730819,0.9504634218873922,0.003195112425836002
250,3.533333333333333,5.643868354240732,0.9482638888888869,0.00427565288871455
251,3.533333333333333,5.757885896750647,0.9526228103579593,0.0031163159967158766
252,3.533333333333333,5.87190343926056,0.9624323188946946,0.003109183547471134
253,3.533333333333333,5.985920981770475,0.977625915750915,0.00321073404426578
254,3.533333333333333,6.099938524280388,0.9951091840402599,0.00343763765115305
255,3.533333333333333,6.213956066790303,1.0197071277346488,0.005357466613467172
256,3.533333333333333,6.327973609300216,1.0296496015246017,0.003887137300618021
257,3.533333333333333,6.4419911518101305,1.0465729237576553,0.002880877565995748
258,3.533333333333333,6.5560086943200435,1.0639862040133872,0.00219762223061053
259,3.533333333333333,6.6700262368299565,1.0750493096646951,0.003552780354826822
260,3.533333333333333,6.78404377933987,1.083672026502907,0.0026299758602152607
261,3.533333333333333,6.898061321849784,1.0912587412587411,0.0031497867647103223
262,3.533333333333333,7.012078864359697,1.1058219981238242,0.003377257044448575
263,3.533333333333333,7.126096406869612,1.099842307692307,0.0028604041849966005
264,3.533333333333333,7.240113949379525,1.1003312386432473,0.0023623596877778326
265,3.533333333333333,7.35413149188944,1.100022361359569,0.0035620544658923063
266,3.533333333333333,7.468149034399353,1.0945243687610098,0.0025235349173014544
267,3.533333333333333,7.582166576909268,1.0831676547137046,0.0031742075663988385
268,3.533333333333333,7.696184119419181,1.0801175213675205,0.003469691366487114
269,3.533333333333333,7.810201661929096,1.0661759545199332,0.0024157528541556
270,3.533333333333333,7.924219204439009,1.0604627836192566,0.002661302576228193
271,3.533333333333333,8.038236746948922,1.045877659574476,0.002867597172426845
272,3.533333333333333,8.152254289458835,1.0322619688004318,0.0024277843459591564
273,3.533333333333333,8.26627183196875,1.0283057029177751,0.002868646413188986
274,3.533333333333333,8.380289374478664,1.0187499999999967,0.0024919465489871037
275,3.533333333333333,8.494306916988577,1.010746321631387,0.0035842932635754255
276,3.533333333333333,8.60832445949849,0.995802024961793,0.003964355782565167
277,3.533333333333333,8.722342002008405,1.0007698592257426,0.0026107668997858717
278,3.533333333333333,8.83635954451832,0.9986429900744372,0.002929073666062958
279,3.533333333333333,8.950377087028233,0.9987919524742743,0.0018480372028939244
280,3.533333333333333,9.064394629538146,0.9952951136913388,0.0019347254545695814
281,3.533333333333333,9.178412172048061,1.002082835642618,0.002255188432624664
282,3.533333333333333,9.292429714557976,1.016552619159982,0.0030562317529103083
283,3.533333333333333,9.406447257067889,1.0217074592074618,0.003067556435203747
284,3.533333333333333,9.520464799577802,1.03680763473055,0.0029583968840404162
285,3.533333333333333,9.634482342087715,1.0457584205735073,0.0027232118270925877
286,3.533333333333333,9.748499884597628,1.0519427575348625,0.0027925787125159932
287,3.533333333333333,9.862517427107543,1.0641938083592648,0.0020154230648328332
288,3.533333333333333,9.976534969617457,1.0624876373626397,0.0031078162865628704
289,3.533333333333333,10.09055251212737,1.0710859408952602,0.0021780123263378365
290,3.533333333333333,10.204570054637284,1.0674178126342913,0.001954714433697018
291,3.533333333333333,10.318587597147198,1.0642398002549933,0.0031420774521556567
292,3.533333333333333,10.432605139657113,1.0527690205968903,0.0021845678620508223
293,3.533333333333333,10.546622682167026,1.045124740124736,0.002668396170477365
294,3.533333333333333,10.66064022467694,1.039334378856435,0.0024205155419884028
295,3.533333333333333,10.774657767186854,1.0289211945461987,0.0023611673932483804
296,3.533333333333333,10.888675309696767,1.0288083971002877,0.0026520554563676363
297,3.533333333333333,11.002692852206682,1.0366792048624958,0.002049944045949509
298,3.533333333333333,11.116710394716595,1.045320512820515,0.0026112082709018043
299,3.533333333333333,11.230727937226508,1.0472093420538824,0.002606523149833632
300,3.533333333333333,11.344745479736423,1.0381945786625422,0.0025591028727623773
301,4.8,0.057008771254956896,0.0,0.0
302,4.8,0.17102631376487068,0.00016025641025641026,0.00011147569609619432
303,4.8,0.28504385627478446,0.0008653846153846154,0.000275775641816318
304,4.8,0.39906139878469826,0.002918956043956044,0.0005118501370824814
305,4.8,0.5130789412946121,0.006543803418803418,0.0007851954516081768
306,4.8,0.6270964838045259,0.009986888111888121,0.0011495119770800599
307,4.8,0.7411140263144397,0.013221153846153844,0.0013909003827988439
308,4.8,0.8551315688243535,0.01842948717948719,0.0012637103086313582
309,4.8,0.9691491113342672,0.030231900452488705,0.0018395260617647996
310,4.8,1.083166653844181,0.03837297570850198,0.0015249225519605601
311,4.8,1.1971841963540948,0.05509386446886453,0.0020052887494220587
312,4.8,1.3112017388640087,0.07181229096989966,0.0018507847619286444
313,4.8,1.4252192813739224,0.09464423076923069,0.002210607070027795
314,4.8,1.5392368238838363,0.12216880341880336,0.003379408337789411
315,4.8,1.65325436639375,0.1482841511936341,0.001846632121364046
316,4.8,1.7672719089036637,0.18922921836228276,0.0032316094725752978
317,4.8,1.8812894514135776,0.23271416083916058,0.0030717129559677974
318,4.8,1.9953069939234913,0.2688118131868137,0.00334999696904804
319,4.8,2.1093245364334052,0.3274103430353429,0.0023148172931195254
320,4.8,2.223342078943319,0.3913030078895456,0.0035500568060417054
321,4.8,2.337359621453233,0.4503986866791762,0.003361151892903815
322,4.8,2.4513771639631465,0.5275491949910549,0.004492775723498996
323,4.8,2.5653947064730604,0.6018589743589738,0.005152940700891131
324,4.8,2.679412248982974,0.6799969312602295,0.004667469074261581
325,4.8,2.793429791492888,0.7649430926216637,0.006121432177509653
326,4.8,2.9074473340028018,0.8317873303167409,0.004541010496989399
327,4.8,3.0214648765127157,0.9016055878084182,0.0045898290550558385
328,4.8,3.1354824190226296,0.9622683566433557,0.005988777419988603
329,4.8,3.249499961532543,1.0293986167341462,0.005023706633296197
330,4.8,3.3635175040424565,1.08082627118644,0.005600006984915955
331,4.8,3.4775350465523704,1.1203420554854966,0.0035940560350569864
332,4.8,3.5915525890622844,1.1442155067155066,0.005360796984002879
333,4.8,3.7055701315721983,1.160839497041419,0.005686289530607882
334,4.8,3.819587674082112,1.1798184557979312,0.004103660850145183
335,4.8,3.933605216592026,1.18716903567447,0.0037695324820266525
336,4.8,4.04762275910194,1.179868634886246,0.004029601220740986
337,4.8,4.161640301611854,1.1716016859852474,0.0034777597872059298
338,4.8,4.275657844121767,1.15903205128205,0.0043733183384267495
339,4.8,4.389675386631682,1.137094155844154,0.003922190856328401
340,4.8,4.503692929141595,1.114350048685489,0.0036908921685754326
341,4.8,4.61771047165151,1.078282288698956,0.004101157561413695
342,4.8,4.731728014161423,1.056446941612611,0.005174701328310564
343,4.8,4.845745556671336,1.040070701357465,0.004001849498824215
344,4.8,4.9597630991812505,0.9989279398762142,0.004798909759214279
345,4.8,5.0737806416911635,0.9847801426101964,0.004516235345024279
346,4.8,5.187798184201078,0.9707813820794593,0.003608510971382098
347,4.8,5.301815726710991,0.9599022952853571,0.004344333576250509
348,4.8,5.415833269220905,0.9587525303643774,0.00269038449157039
349,4.8,5.529850811730819,0.9593526962728011,0.003324370325388456
350,4.8,5.643868354240732,0.9663680069930048,0.003901403947282473
351,4.8,5.757885896750647,0.9748024562071594,0.004497675593476913
352,4.8,5.87190343926056,0.9901488984316622,0.003028283436155438
353,4.8,5.985920981770475,1.0096863553113542,0.003859962010893038
354,4.8,6.099938524280388,1.0304636951833226,0.0036676375145705924
355,4.8,6.213956066790303,1.050756439661254,0.003959074255270214
356,4.8,6.327973609300216,1.0609927234927237,0.0038700303377696764
357,4.8,6.4419911518101305,1.0804373723621479,0.003125094757406123
358,4.8,6.5560086943200435,1.0991074414715818,0.004469566286018777
359,4.8,6.6700262368299565,1.107560815253124,0.0036351143386125196
360,4.8,6.78404377933987,1.1085730446024544,0.00316388510304166
361,4.8,6.898061321849784,1.107630721551176,0.00442301511170964
362,4.8,7.012078864359697,1.1044852251407102,0.0034521283544161276
363,4.8,7.126096406869612,1.102826923076922,0.004386391993468716
364,4.8,7.240113949379525,1.0842122198667483,0.004509366573251911
365,4.8,7.35413149188944,1.0862570810971954,0.003341792173953439
366,4.8,7.468149034399353,1.0726053288314739,0.003962392054534127
367,4.8,7.582166576909268,1.0629681174089038,0.002953568778901547
368,4.8,7.696184119419181,1.0534205840455833,0.003325707223217295
369,4.8,7.810201661929096,1.0396195957327352,0.00240805763082947
370,4.8,7.924219204439009,1.0267968317653549,0.0031842507088312775
371,4.8,8.038236746948922,1.0232235406437615,0.003271843114446536
372,4.8,8.152254289458835,1.021108458848845,0.0031011989611910654
373,4.8,8.26627183196875,1.0069164456233453,0.0024877571281342495
374,4.8,8.380289374478664,0.9961423992673965,0.003691765858719249
375,4.8,8.494306916988577,1.0043349896747533,0.003498605001150105
376,4.8,8.60832445949849,1.0028241212429951,0.003436814581097628
377,4.8,8.722342002008405,0.9966141905480156,0.002863683516560363
378,4.8,8.83635954451832,1.0035809553349833,0.002838007684769087
379,4.8,8.950377087028233,1.002530928466435,0.0037842767264972934
380,4.8,9.064394629538146,1.0132302249637142,0.003269972741613184
381,4.8,9.178412172048061,1.014793358815098,0.004709974730060525
382,4.8,9.292429714557976,1.0282488791882973,0.0024902310560384376
383,4.8,9.406447257067889,1.0365049533799562,0.002896748248166185
384,4.8,9.520464799577802,1.0442091777982607,0.002945013149357417
385,4.8,9.634482342087715,1.0532274123805172,0.0032288340773415497
386,4.8,9.748499884597628,1.0536760571300043,0.0033738268628321602
387,4.8,9.862517427107543,1.0607075366829644,0.0031975778864380385
388,4.8,9.976534969617457,1.0630659340659365,0.0022195327689790365
389,4.8,10.09055251212737,1.0621944263363727,0.003353172599102918
390,4.8,10.204570054637284,1.0598221959604623,0.002420990023331879
391,4.8,10.318587597147198,1.0527823523161919,0.002591779477191783
392,4.8,10.432605139657113,1.0514567570407747,0.002973279812293786
393,4.8,10.546622682167026,1.0435810810810773,0.0038833851460325754
394,4.8,10.66064022467694,1.0388381838749456,0.003347019133114329
395,4.8,10.774657767186854,1.0423509361009407,0.002657125943712354
396,4.8,10.888675309696767,1.0383017015706864,0.003392866876880047
397,4.8,11.002692852206682,1.042007522917498,0.002226234714016846
398,4.8,11.116710394716595,1.046226577909272,0.0033631724623222345
399,4.8,11.230727937226508,1.043338783678248,0.002550390802366877
400,4.8,11.344745479736423,1.0324011886354836,0.002470985449231117
401,6.066666666666666,0.057008771254956896,0.0,0.0
402,6.066666666666666,0.17102631376487068,0.0013621794871794875,0.000460301494113624
403,6.066666666666666,0.28504385627478446,0.0011538461538461542,0.0002848198581451364
404,6.066666666666666,0.39906139878469826,0.0024725274725274724,0.00038537424504003705
405,6.066666666666666,0.5130789412946121,0.00502136752136752,0.0007673041307579473
406,6.066666666666666,0.6270964838045259,0.007189685314685321,0.000730492582122061
407,6.066666666666666,0.7411140263144397,0.011187130177514791,0.000809089361002732
408,6.066666666666666,0.8551315688243535,0.01722756410256411,0.0010131213170067178
409,6.066666666666666,0.9691491113342672,0.024335407239819022,0.001313847955215307
410,6.066666666666666,1.083166653844181,0.03545040485829955,0.0014606355518554971
411,6.066666666666666,1.1971841963540948,0.04838598901098907,0.001255545384003334
412,6.066666666666666,1.3112017388640087,0.06773620401337795,0.0019406445897050778
413,6.066666666666666,1.4252192813739224,0.0887115384615384,0.0016471204636339437
414,6.066666666666666,1.5392368238838363,0.11364850427350423,0.002004139260799959
415,6.066666666666666,1.65325436639375,0.14195125994694982,0.0024624425550741355
416,6.066666666666666,1.7672719089036637,0.17928039702233234,0.0029138439701651368
417,6.066666666666666,1.8812894514135776,0.22443181818181787,0.0027442309047368855
418,6.066666666666666,1.9953069939234913,0.2651098901098907,0.0026329833368237566
419,6.066666666666666,2.1093245364334052,0.3199714137214135,0.0026342875561353326
420,6.066666666666666,2.223342078943319,0.3830374753451669,0.0034067095211096393
421,6.066666666666666,2.337359621453233,0.4465642589118213,0.00366163349570473
422,6.066666666666666,2.4513771639631465,0.5225961538461533,0.004518732910578579
423,6.066666666666666,2.5653947064730604,0.596901709401709,0.0030815602215488844
424,6.066666666666666,2.679412248982974,0.6733991407528648,0.0040064716049934765
425,6.066666666666666,2.793429791492888,0.7576334379905808,0.003982449894516976
426,6.066666666666666,2.9074473340028018,0.8382588612368013,0.003817760205599857
427,6.066666666666666,3.0214648765127157,0.9109669811320753,0.003590613051287537
428,6.066666666666666,3.1354824190226296,0.9854195804195796,0.0044624286746579745
429,6.066666666666666,3.249499961532543,1.0389423076923112,0.003947396036135647
430,6.066666666666666,3.3635175040424565,1.0923402868318117,0.003636798111427158
431,6.066666666666666,3.4775350465523704,1.1244522383354336,0.0038358552258965805
432,6.066666666666666,3.5915525890622844,1.1591307997558,0.0051230659148138276
433,6.066666666666666,3.7055701315721983,1.1671412721893482,0.0038550545599284006
434,6.066666666666666,3.819587674082112,1.1826743685419039,0.00485661954817241
435,6.066666666666666,3.933605216592026,1.188754180602006,0.004543140779282568
436,6.066666666666666,4.04762275910194,1.1795334507042303,0.0022372316886647863
437,6.066666666666666,4.161640301611854,1.1730571654373019,0.004240365529229062
438,6.066666666666666,4.275657844121767,1.1477467948717937,0.0036623693905765047
439,6.066666666666666,4.389675386631682,1.1299544205794188,0.0037629688153940103
440,6.066666666666666,4.503692929141595,1.0963698880233665,0.004080550856931237
441,6.066666666666666,4.61771047165151,1.0686045821462493,0.004145226548795383
442,6.066666666666666,4.731728014161423,1.047057460611684,0.0036249947982347967
443,6.066666666666666,4.845745556671336,1.0168608597285058,0.0033217044278576395
444,6.066666666666666,4.9597630991812505,0.996485411140582,0.003776607838610467
445,6.066666666666666,5.0737806416911635,0.9811446629213464,0.0032382030285589185
446,6.066666666666666,5.187798184201078,0.9739750633981409,0.004254273190538427
447,6.066666666666666,5.301815726710991,0.9668036600496248,0.0036679055055939456
448,6.066666666666666,5.415833269220905,0.9607338056680207,0.003966488317497579
449,6.066666666666666,5.529850811730819,0.9721054718477417,0.002987298214789785
450,6.066666666666666,5.643868354240732,0.9733318764568745,0.0036913748670496242
451,6.066666666666666,5.757885896750647,0.9883591964965731,0.0032324913104305355
452,6.066666666666666,5.87190343926056,1.001239264376397,0.003724784221638093
453,6.066666666666666,5.985920981770475,1.0259409340659331,0.0035543640158131324
454,6.066666666666666,6.099938524280388,1.0465874370956159,0.0037071136906034626
455,6.066666666666666,6.213956066790303,1.064489237826392,0.0036779261216033253
456,6.066666666666666,6.327973609300216,1.082969507969508,0.0031128845029650275
457,6.066666666666666,6.4419911518101305,1.0926182777399558,0.003818930282310388
458,6.066666666666666,6.5560086943200435,1.1080873745819495,0.0030133870856468513
459,6.066666666666666,6.6700262368299565,1.1156825279421443,0.0040830073911485645
460,6.066666666666666,6.78404377933987,1.1124515190691642,0.0023552826227335177
461,6.066666666666666,6.898061321849784,1.114836300063573,0.003447877257568712
462,6.066666666666666,7.012078864359697,1.1032715759849876,0.0033434805344608677
463,6.066666666666666,7.126096406869612,1.0909788461538454,0.003558097270896088
464,6.066666666666666,7.240113949379525,1.0796146274984866,0.003919057226640332
465,6.066666666666666,7.35413149188944,1.068919573643409,0.0031298766350488223
466,6.066666666666666,7.468149034399353,1.0517487522019966,0.002840342323490303
467,6.066666666666666,7.582166576909268,1.0431047570850176,0.003832385604542831
468,6.066666666666666,7.696184119419181,1.0323700142450134,0.00251920837386859
469,6.066666666666666,7.810201661929096,1.0207327344188666,0.002602808811993779
470,6.066666666666666,7.924219204439009,1.0147412838959586,0.003973481474145711
471,6.066666666666666,8.038236746948922,1.0095710583742576,0.004003164076045998
472,6.066666666666666,8.152254289458835,0.9986703200645519,0.002593381487914358
473,6.066666666666666,8.26627183196875,1.0040749336870054,0.0032754146725047146
474,6.066666666666666,8.380289374478664,1.0011610413396095,0.0025703394019307517
475,6.066666666666666,8.494306916988577,0.998580278781619,0.0030991751969802767
476,6.066666666666666,8.60832445949849,0.9943135506877229,0.0030795817466422832
477,6.066666666666666,8.722342002008405,1.0011045123177489,0.0028984320425513195
478,6.066666666666666,8.83635954451832,1.012498449131509,0.003560298338420859
479,6.066666666666666,8.950377087028233,1.017249510044093,0.0025273627266844535
480,6.066666666666666,9.064394629538146,1.0280932510885323,0.0027411148818857404
481,6.066666666666666,9.178412172048061,1.0363354037267078,0.0034580357760651743
482,6.066666666666666,9.292429714557976,1.0401958470976889,0.0026033809030070816
483,6.066666666666666,9.406447257067889,1.047081876456879,0.0026568927432051577
484,6.066666666666666,9.520464799577802,1.056231287425161,0.0025820311792234835
485,6.066666666666666,9.634482342087715,1.0595983158852966,0.0029782653753140593
486,6.066666666666666,9.748499884597628,1.0555344691857846,0.003068535188237887
487,6.066666666666666,9.862517427107543,1.0559512561138227,0.002408616718249909
488,6.066666666666666,9.976534969617457,1.0564601648351675,0.003277007800395852
489,6.066666666666666,10.09055251212737,1.053935788787481,0.0026506707482714166
490,6.066666666666666,10.204570054637284,1.0496911259131911,0.00243047001511822
491,6.066666666666666,10.318587597147198,1.0441816298342537,0.003095907102802021
492,6.066666666666666,10.432605139657113,1.044413356452292,0.002696091995346242
493,6.066666666666666,10.546622682167026,1.0416359147609107,0.0030820588658995902
494,6.066666666666666,10.66064022467694,1.03641119909502,0.0024355660210235047
495,6.066666666666666,10.774657767186854,1.0399394586894635,0.0027295128580160713
496,6.066666666666666,10.888675309696767,1.0511188582360107,0.0026691226089969387
497,6.066666666666666,11.002692852206682,1.045359206855322,0.0037449123349644646
498,6.066666666666666,11.116710394716595,1.0478895463510869,0.004012924139218684
499,6.066666666666666,11.230727937226508,1.0405310425614964,0.003620006822063681
500,6.066666666666666,11.344745479736423,1.0356675202937748,0.004255463152243113
501,7.333333333333333,0.057008771254956896,0.0,0.0
502,7.333333333333333,0.17102631376487068,8.012820512820513e-5,8.012820512820507e-5
503,7.333333333333333,0.28504385627478446,0.0021634615384615386,0.0010698531111881628
504,7.333333333333333,0.39906139878469826,0.0012362637362637364,0.00038773611134940877
505,7.333333333333333,0.5130789412946121,0.002377136752136751,0.0005244274746513894
506,7.333333333333333,0.6270964838045259,0.007036713286713292,0.0019161271124813542
507,7.333333333333333,0.7411140263144397,0.012093195266272186,0.0028182928103125163
508,7.333333333333333,0.8551315688243535,0.013157051282051288,0.0013390175519350563
509,7.333333333333333,0.9691491113342672,0.02307692307692309,0.0022688203809244204
510,7.333333333333333,1.083166653844181,0.0296305668016194,0.0017289283556297093
511,7.333333333333333,1.1971841963540948,0.04093406593406599,0.0019238504433990494
512,7.333333333333333,1.3112017388640087,0.05339673913043479,0.002663869514971484
513,7.333333333333333,1.4252192813739224,0.07890384615384609,0.002919121572969887
514,7.333333333333333,1.5392368238838363,0.10101495726495724,0.00434131811942244
515,7.333333333333333,1.65325436639375,0.12344164456233438,0.00484252978195095
516,7.333333333333333,1.7672719089036637,0.16762562034739442,0.00871794753083144
517,7.333333333333333,1.8812894514135776,0.2086319930069927,0.009886555811906816
518,7.333333333333333,1.9953069939234913,0.2615109890109895,0.005472516706304223
519,7.333333333333333,2.1093245364334052,0.3214591995841994,0.017185501843544185
520,7.333333333333333,2.223342078943319,0.3737857495069025,0.008865754385590684
521,7.333333333333333,2.337359621453233,0.42448405253283455,0.008812927417652468
522,7.333333333333333,2.4513771639631465,0.5171791144901604,0.00755836354797575
523,7.333333333333333,2.5653947064730604,0.5761164529914524,0.007530042034419616
524,7.333333333333333,2.679412248982974,0.6811886252045832,0.008404097809851428
525,7.333333333333333,2.793429791492888,0.7438284929356357,0.009791759511315128
526,7.333333333333333,2.9074473340028018,0.8382588612368012,0.007700893821528549
527,7.333333333333333,3.0214648765127157,0.9200426342525402,0.006956232893416429
528,7.333333333333333,3.1354824190226296,0.985415209790209,0.011742732170152556
529,7.333333333333333,3.249499961532543,1.061078778677466,0.006884009667159628
530,7.333333333333333,3.3635175040424565,1.103536505867014,0.00595063770830277
531,7.333333333333333,3.4775350465523704,1.1686711853720035,0.015323605776689765
532,7.333333333333333,3.5915525890622844,1.189644383394383,0.01009493018069423
533,7.333333333333333,3.7055701315721983,1.1925295857988156,0.008879466911604681
534,7.333333333333333,3.819587674082112,1.1935849598163009,0.008689625538124728
535,7.333333333333333,3.933605216592026,1.2128901895206239,0.009394622199700761
536,7.333333333333333,4.04762275910194,1.1963637594799617,0.007673536443314491
537,7.333333333333333,4.161640301611854,1.1630630927291883,0.013054827841631558
538,7.333333333333333,4.275657844121767,1.128647435897435,0.013793454560740789
539,7.333333333333333,4.389675386631682,1.1326954295704281,0.008773765081759166
540,7.333333333333333,4.503692929141595,1.104652507302821,0.005628898833588584
541,7.333333333333333,4.61771047165151,1.0670702754036092,0.006410779727232239
542,7.333333333333333,4.731728014161423,1.045340013901768,0.011968161249512575
543,7.333333333333333,4.845745556671336,1.0135888009049767,0.01172803356958233
544,7.333333333333333,4.9597630991812505,0.9810179045092827,0.007260362245423196
545,7.333333333333333,5.0737806416911635,0.96853662489196,0.00447431043169848
546,7.333333333333333,5.187798184201078,0.9545567413355877,0.004938004018983391
547,7.333333333333333,5.301815726710991,0.9628773779983424,0.004224255974180209
548,7.333333333333333,5.415833269220905,0.958208502024296,0.006921061073363472
549,7.333333333333333,5.529850811730819,0.9681131046788279,0.009553522304801635
550,7.333333333333333,5.643868354240732,0.9594794094794076,0.005898389610321665
551,7.333333333333333,5.757885896750647,1.0121191926885,0.018274944321946613
552,7.333333333333333,5.87190343926056,1.0064600448095562,0.004641455980121782
553,7.333333333333333,5.985920981770475,1.0362339743589732,0.00894121490287797
554,7.333333333333333,6.099938524280388,1.0475534687275354,0.004816956607353331
555,7.333333333333333,6.213956066790303,1.0796290578687349,0.007765969197439347
556,7.333333333333333,6.327973609300216,1.078711884961885,0.007569295289981226
557,7.333333333333333,6.4419911518101305,1.10716899251191,0.005874729773245605
558,7.333333333333333,6.5560086943200435,1.0972261705685715,0.007765092793646068
559,7.333333333333333,6.6700262368299565,1.1149531558185413,0.009140644877847319
560,7.333333333333333,6.78404377933987,1.1043531835811224,0.007359330693457836
561,7.333333333333333,6.898061321849784,1.112190082644628,0.010203333108605779
562,7.333333333333333,7.012078864359697,1.1049914008755441,0.005616692769724904
563,7.333333333333333,7.126096406869612,1.0782019230769222,0.004171119067657915
564,7.333333333333333,7.240113949379525,1.0671335554209578,0.009834338577045092
565,7.333333333333333,7.35413149188944,1.0641696481812746,0.007103915210637071
566,7.333333333333333,7.468149034399353,1.0512257780387548,0.011244817110746576
567,7.333333333333333,7.582166576909268,1.0346786437246935,0.006394958695043765
568,7.333333333333333,7.696184119419181,1.0325356125356113,0.007759403182704321
569,7.333333333333333,7.810201661929096,1.0165198624368337,0.008830560354454654
570,7.333333333333333,7.924219204439009,1.009732982844492,0.006212508994956156
571,7.333333333333333,8.038236746948922,0.9980666939443612,0.00498922489178338
572,7.333333333333333,8.152254289458835,0.9969170252824111,0.008481554545172328
573,7.333333333333333,8.26627183196875,0.9955255305039816,0.005682085703267892
574,7.333333333333333,8.380289374478664,0.980281920460489,0.00811336163637748
575,7.333333333333333,8.494306916988577,1.000701794011356,0.006338599534401381
576,7.333333333333333,8.60832445949849,0.9952719052470705,0.005143069057294241
577,7.333333333333333,8.722342002008405,1.003241264454501,0.0028501312296310474
578,7.333333333333333,8.83635954451832,1.0359336228287792,0.008593820734391334
579,7.333333333333333,8.950377087028233,1.0241410460558518,0.008713421258840557
580,7.333333333333333,9.064394629538146,1.0439661949685517,0.010479031330125654
581,7.333333333333333,9.178412172048061,1.0547987338748206,0.007902915039201094
582,7.333333333333333,9.292429714557976,1.0512594384143477,0.008705853293794759
583,7.333333333333333,9.406447257067889,1.0621416083916113,0.006848495846471244
584,7.333333333333333,9.520464799577802,1.0618493781667544,0.004057081292329914
585,7.333333333333333,9.634482342087715,1.0620263427400984,0.003336247456897952
586,7.333333333333333,9.748499884597628,1.05772885739991,0.0057294361513795895
587,7.333333333333333,9.862517427107543,1.051243608270337,0.004058435404984414
588,7.333333333333333,9.976534969617457,1.0472637362637387,0.003888439249769971
589,7.333333333333333,10.09055251212737,1.0462937309865241,0.004617929378973758
590,7.333333333333333,10.204570054637284,1.040486678126341,0.005177344837857979
591,7.333333333333333,10.318587597147198,1.0245099341266464,0.0048793603067777335
592,7.333333333333333,10.432605139657113,1.033027269861287,0.005870097251969804
593,7.333333333333333,10.546622682167026,1.0340046777546736,0.00448915408904458
594,7.333333333333333,10.66064022467694,1.0401635129576277,0.0052153880859143326
595,7.333333333333333,10.774657767186854,1.0527599715099758,0.006998414087711579
596,7.333333333333333,10.888675309696767,1.048114679822801,0.003296978987950855
597,7.333333333333333,11.002692852206682,1.0597748106815474,0.004186039175555652
598,7.333333333333333,11.116710394716595,1.0474248027613435,0.008027431236485805
599,7.333333333333333,11.230727937226508,1.0383041292463853,0.005715421334310656
600,7.333333333333333,11.344745479736423,1.0368899787398518,0.005544535455843006
601,8.6,0.057008771254956896,0.0,0.0
602,8.6,0.17102631376487068,0.00016025641025641026,0.00011147569609619433
603,8.6,0.28504385627478446,0.0005288461538461539,0.00014830876761551216
604,8.6,0.39906139878469826,0.0014423076923076924,0.0002766570684083771
605,8.6,0.5130789412946121,0.002403846153846153,0.0003441934346922518
606,8.6,0.6270964838045259,0.006883741258741263,0.002157700416260248
607,8.6,0.7411140263144397,0.007729289940828402,0.0006567057952682218
608,8.6,0.8551315688243535,0.012147435897435905,0.0007954710713539961
609,8.6,0.9691491113342672,0.019315610859728518,0.001082637447571677
610,8.6,1.083166653844181,0.02859311740890684,0.0013297485902632204
611,8.6,1.1971841963540948,0.038038003663003715,0.0013009142806554561
612,8.6,1.3112017388640087,0.052508361204013365,0.001451469468429997
613,8.6,1.4252192813739224,0.0721442307692307,0.0017961053268934141
614,8.6,1.5392368238838363,0.09260149572649568,0.002063604296925591
615,8.6,1.65325436639375,0.12069794429708236,0.002153451682070139
616,8.6,1.7672719089036637,0.1548929900744416,0.0023984253158705732
617,8.6,1.8812894514135776,0.19047931235431215,0.002052853396032491
618,8.6,1.9953069939234913,0.22908653846153895,0.002973829464390018
619,8.6,2.1093245364334052,0.29412681912681904,0.002857027005556774
620,8.6,2.223342078943319,0.3450197238658771,0.0040793516454686925
621,8.6,2.337359621453233,0.4193304409005643,0.003515427015272192
622,8.6,2.4513771639631465,0.49930120751341633,0.004144444757826122
623,8.6,2.5653947064730604,0.5740598290598284,0.00628606373737144
624,8.6,2.679412248982974,0.6583418576104753,0.0048801901738888395
625,8.6,2.793429791492888,0.7470074568288851,0.00489210593316076
626,8.6,2.9074473340028018,0.8406532805429849,0.003504242396436165
627,8.6,3.0214648765127157,0.9216845065312048,0.004539110269140111
628,8.6,3.1354824190226296,1.0083610139860129,0.006079544643686766
629,8.6,3.249499961532543,1.0621668353576281,0.004448523000115591
630,8.6,3.3635175040424565,1.1339512711864401,0.004879607696837327
631,8.6,3.4775350465523704,1.1755517023959632,0.006920568307304873
632,8.6,3.5915525890622844,1.1915064102564106,0.005777828413737629
633,8.6,3.7055701315721983,1.2171930473372767,0.005227237138698399
634,8.6,3.819587674082112,1.221135907003442,0.004794522765576527
635,8.6,3.933605216592026,1.215736482720178,0.004585099479756655
636,8.6,4.04762275910194,1.2063075568797454,0.0035593756311924863
637,8.6,4.161640301611854,1.1847273445732347,0.0036836557827912802
638,8.6,4.275657844121767,1.1672532051282043,0.00590722788038796
639,8.6,4.389675386631682,1.1393856143856125,0.004095145048120647
640,8.6,4.503692929141595,1.1083769474196667,0.00497841163614813
641,8.6,4.61771047165151,1.0691862535612537,0.003276106261266712
642,8.6,4.731728014161423,1.0437528962001923,0.00473812248483096
643,8.6,4.845745556671336,1.0136227375565605,0.004030526368022699
644,8.6,4.9597630991812505,0.9924071618037121,0.003175954296666086
645,8.6,5.0737806416911635,0.9724449006050109,0.0031754702363481035
646,8.6,5.187798184201078,0.9639740067624685,0.0038795701379222866
647,8.6,5.301815726710991,0.9477693341604603,0.00414815072068122
648,8.6,5.415833269220905,0.9564397773279399,0.0040299812380047845
649,8.6,5.529850811730819,0.9514794805709772,0.005743667641304878
650,8.6,5.643868354240732,0.9724480380730359,0.004266334727213666
651,8.6,5.757885896750647,0.9853389185072355,0.003991539005896569
652,8.6,5.87190343926056,1.0008191747572783,0.006056196502305824
653,8.6,5.985920981770475,1.0263255494505485,0.0036340826395790224
654,8.6,6.099938524280388,1.0418067038102097,0.003655022879952084
655,8.6,6.213956066790303,1.0740627205363427,0.004304728306677402
656,8.6,6.327973609300216,1.0884030665280666,0.003897261444645222
657,8.6,6.4419911518101305,1.1013231790333526,0.003267177132645916
658,8.6,6.5560086943200435,1.1064109531772672,0.003128804922542137
659,8.6,6.6700262368299565,1.1058247041420133,0.004033830775633253
660,8.6,6.78404377933987,1.111647543632836,0.0037993289998961535
661,8.6,6.898061321849784,1.1066910362364908,0.0035094144386502023
662,8.6,7.012078864359697,1.0962046591619734,0.0033420097311842637
663,8.6,7.126096406869612,1.0820288461538452,0.0024643276449274622
664,8.6,7.240113949379525,1.061332147183526,0.003555614026938502
665,8.6,7.35413149188944,1.055366726296957,0.0032848544795132132
666,8.6,7.468149034399353,1.0427847915443333,0.002707984644538106
667,8.6,7.582166576909268,1.035356419895891,0.004125047388355244
668,8.6,7.696184119419181,1.0149964387464379,0.0036188002243079456
669,8.6,7.810201661929096,1.0067342784952282,0.00305637802426443
670,8.6,7.924219204439009,1.0031561289429978,0.002526680040411339
671,8.6,8.038236746948922,0.9953491543917156,0.0027987011340619163
672,8.6,8.152254289458835,0.9933818585260904,0.004230627560802276
673,8.6,8.26627183196875,0.9894446286472179,0.0021952984843698923
674,8.6,8.380289374478664,0.9915669152276263,0.0032720781892931114
675,8.6,8.494306916988577,0.9980091636551347,0.0029604625756977023
676,8.6,8.60832445949849,1.0065986372898623,0.0024939386643528434
677,8.6,8.722342002008405,1.0161701860231285,0.0022997184688964864
678,8.6,8.83635954451832,1.0217199131513601,0.003754712117868513
679,8.6,8.950377087028233,1.03885656540911,0.005175034939078062
680,8.6,9.064394629538146,1.047750362844701,0.0025257824914772416
681,8.6,9.178412172048061,1.059492952699474,0.0027224165801376936
682,8.6,9.292429714557976,1.0636134379424267,0.0038042599099309296
683,8.6,9.406447257067889,1.0740486596736623,0.004279549068162912
684,8.6,9.520464799577802,1.0669348802395324,0.003154107383437944
685,8.6,9.634482342087715,1.0631528789258065,0.003526413064480887
686,8.6,9.748499884597628,1.0575404858299593,0.003239774312328266
687,8.6,9.862517427107543,1.0530819253001273,0.003641813806216022
688,8.6,9.976534969617457,1.0383461538461563,0.0055614874144550635
689,8.6,10.09055251212737,1.0336212516297236,0.004228426472300912
690,8.6,10.204570054637284,1.0314742694456367,0.0038325809664853713
691,8.6,10.318587597147198,1.0346432745431362,0.003062556601823257
692,8.6,10.432605139657113,1.0306483816729728,0.0028969826077573017
693,8.6,10.546622682167026,1.03640852390852,0.0032524401642483637
694,8.6,10.66064022467694,1.0380836075688988,0.0027187158342773083
695,8.6,10.774657767186854,1.052173636548641,0.0039033720221235985
696,8.6,10.888675309696767,1.0524378272251367,0.0034118857350947615
697,8.6,11.002692852206682,1.0535933140693512,0.0025570850321934616
698,8.6,11.116710394716595,1.048355522682448,0.003314499079536594
699,8.6,11.230727937226508,1.0404114603670414,0.005423963231640361
700,8.6,11.344745479736423,1.0373381329725535,0.0037784301647493675
701,9.866666666666667,0.057008771254956896,0.0,0.0
702,9.866666666666667,0.17102631376487068,8.012820512820513e-5,8.012820512820507e-5
703,9.866666666666667,0.28504385627478446,0.0008653846153846154,0.0002578922227391541
704,9.866666666666667,0.39906139878469826,0.0007211538461538462,0.0001949442933719753
705,9.866666666666667,0.5130789412946121,0.002403846153846153,0.0004499102871352629
706,9.866666666666667,0.6270964838045259,0.004501748251748256,0.0005720727796517042
707,9.866666666666667,0.7411140263144397,0.006028106508875739,0.0004733709170367954
708,9.866666666666667,0.8551315688243535,0.010144230769230775,0.0009744064175359144
709,9.866666666666667,0.9691491113342672,0.014917986425339381,0.000811291679540504
710,9.866666666666667,1.083166653844181,0.020711032388663946,0.0010074183341304674
711,9.866666666666667,1.1971841963540948,0.03426053113553118,0.0013520884607635096
712,9.866666666666667,1.3112017388640087,0.04406354515050167,0.0017417970253586087
713,9.866666666666667,1.4252192813739224,0.057865384615384555,0.001950178142909483
714,9.866666666666667,1.5392368238838363,0.07599715099715097,0.0022125306209230524
715,9.866666666666667,1.65325436639375,0.10229608753315658,0.002279159217657468
716,9.866666666666667,1.7672719089036637,0.13390198511166243,0.0027413221759378897
717,9.866666666666667,1.8812894514135776,0.16990821678321655,0.002416752145885429
718,9.866666666666667,1.9953069939234913,0.21044642857142898,0.002540385619762783
719,9.866666666666667,2.1093245364334052,0.2699974012474011,0.0032750993504859706
720,9.866666666666667,2.223342078943319,0.3284393491124254,0.00350443949917598
721,9.866666666666667,2.337359621453233,0.3903728893058175,0.003136479492683526
722,9.866666666666667,2.4513771639631465,0.4760621645796057,0.0036901811352731493
723,9.866666666666667,2.5653947064730604,0.5535416666666662,0.0037458958567236312
724,9.866666666666667,2.679412248982974,0.6513655891980367,0.004755258781305078
725,9.866666666666667,2.793429791492888,0.7515208006279432,0.004788896257581708
726,9.866666666666667,2.9074473340028018,0.8413885746606324,0.0038670369145804837
727,9.866666666666667,3.0214648765127157,0.9272723149492019,0.004167858189117427
728,9.866666666666667,3.1354824190226296,1.0228977272727264,0.00439773787694345
729,9.866666666666667,3.249499961532543,1.0911099865047265,0.006273231234729686
730,9.866666666666667,3.3635175040424565,1.1509330182529331,0.005457309517676424
731,9.866666666666667,3.4775350465523704,1.2030028373266062,0.0035294169666558965
732,9.866666666666667,3.5915525890622844,1.2298115079365075,0.0036379279644968105
733,9.866666666666667,3.7055701315721983,1.2510170118343182,0.005048361481288966
734,9.866666666666667,3.819587674082112,1.251610935706083,0.004553920466755092
735,9.866666666666667,3.933605216592026,1.2469899665551836,0.006334596200531004
736,9.866666666666667,4.04762275910194,1.232831121343451,0.004768010742331128
737,9.866666666666667,4.161640301611854,1.2098360115911488,0.003674856577795548
738,9.866666666666667,4.275657844121767,1.176935897435896,0.005921271553389135
739,9.866666666666667,4.389675386631682,1.1397633616383596,0.004020552367208209
740,9.866666666666667,4.503692929141595,1.1070411392405037,0.003298310764106968
741,9.866666666666667,4.61771047165151,1.08292378917379,0.003189000114475071
742,9.866666666666667,4.731728014161423,1.03829645505098,0.0036041344712796635
743,9.866666666666667,4.845745556671336,1.010240384615384,0.003334731583128078
744,9.866666666666667,4.9597630991812505,0.985046419098142,0.00380083140665626
745,9.866666666666667,5.0737806416911635,0.9639909248055295,0.004248018780286429
746,9.866666666666667,5.187798184201078,0.9482988165680476,0.0036516652444108177
747,9.866666666666667,5.301815726710991,0.9459858354011548,0.003651087284895922
748,9.866666666666667,5.415833269220905,0.9416067813765229,0.003335308920359986
749,9.866666666666667,5.529850811730819,0.9428454599524202,0.003130872256089527
750,9.866666666666667,5.643868354240732,0.9613175019425,0.004084036081408483
751,9.866666666666667,5.757885896750647,0.9699733434881951,0.00497559846502917
752,9.866666666666667,5.87190343926056,0.9891896938013414,0.005149793370357639
753,9.866666666666667,5.985920981770475,1.012051282051281,0.003323972778915335
754,9.866666666666667,6.099938524280388,1.0428423795830348,0.004202224082045226
755,9.866666666666667,6.213956066790303,1.059626411432602,0.003118696103349845
756,9.866666666666667,6.327973609300216,1.0766437110187113,0.002463746064331892
757,9.866666666666667,6.4419911518101305,1.090693073519398,0.0037699001193364366
758,9.866666666666667,6.5560086943200435,1.1059531772575344,0.0036202147740494422
759,9.866666666666667,6.6700262368299565,1.1129869329388573,0.002855863691345383
760,9.866666666666667,6.78404377933987,1.1071670976082724,0.003048917820724009
761,9.866666666666667,6.898061321849784,1.1026819771137955,0.0030671008356039026
762,9.866666666666667,7.012078864359697,1.09880589430894,0.003361729681023434
763,9.866666666666667,7.126096406869612,1.086071153846153,0.003172229434157572
764,9.866666666666667,7.240113949379525,1.070334267110843,0.0027715185680590947
765,9.866666666666667,7.35413149188944,1.058460047704232,0.003076927725051633
766,9.866666666666667,7.468149034399353,1.0506275689958895,0.00470255429812649
767,9.866666666666667,7.582166576909268,1.0339900231347574,0.003898367497240019
768,9.866666666666667,7.696184119419181,1.0232710113960104,0.0032766248387784583
769,9.866666666666667,7.810201661929096,1.0111454239191473,0.0027928898024711826
770,9.866666666666667,7.924219204439009,0.9961728693967885,0.004023623740377947
771,9.866666666666667,8.038236746948922,0.9913086470267397,0.002947854784791605
772,9.866666666666667,8.152254289458835,0.9818097767617009,0.0030652503381571137
773,9.866666666666667,8.26627183196875,0.9867059018567669,0.0033212982259120424
774,9.866666666666667,8.380289374478664,0.9893265960230214,0.0028839126600460657
775,9.866666666666667,8.494306916988577,0.9981043495095491,0.002180423559539
776,9.866666666666667,8.60832445949849,0.9975054126337238,0.0030054569892441004
777,9.866666666666667,8.722342002008405,1.0150986676721985,0.0027493192918534317
778,9.866666666666667,8.83635954451832,1.0294029156327498,0.003009035748332607
779,9.866666666666667,8.950377087028233,1.0408607912787822,0.002962623284815397
780,9.866666666666667,9.064394629538146,1.0592238147073034,0.0040803548761729315
781,9.866666666666667,9.178412172048061,1.0656085762064023,0.0029499115247236607
782,9.866666666666667,9.292429714557976,1.0772195021236444,0.0028677500610639725
783,9.866666666666667,9.406447257067889,1.075590034965038,0.0030180824598100404
784,9.866666666666667,9.520464799577802,1.0767229963150735,0.003322659361354596
785,9.866666666666667,9.634482342087715,1.0685295289030479,0.002299904116094506
786,9.866666666666667,9.748499884597628,1.057886302294197,0.0032617190525838615
787,9.866666666666667,9.862517427107543,1.0482672854601989,0.002779919231696502
788,9.866666666666667,9.976534969617457,1.0380989010989037,0.0027309641188141094
789,9.866666666666667,10.09055251212737,1.0300127661886107,0.0038268378515545886
790,9.866666666666667,10.204570054637284,1.024078749462826,0.0034586424491351267
791,9.866666666666667,10.318587597147198,1.0232801211219715,0.0029450859221970163
792,9.866666666666667,10.432605139657113,1.022471364018496,0.0024407349929142365
793,9.866666666666667,10.546622682167026,1.0301533264033225,0.004518745209446838
794,9.866666666666667,10.66064022467694,1.0357337515425722,0.003013054295028867
795,9.866666666666667,10.774657767186854,1.049459452584457,0.0034123317927808243
796,9.866666666666667,10.888675309696767,1.0572153141361316,0.0035702456713372567
797,9.866666666666667,11.002692852206682,1.0601073634914315,0.0036141692513308988
798,9.866666666666667,11.116710394716595,1.0611895956607513,0.00436848587489276
799,9.866666666666667,11.230727937226508,1.049110454900427,0.0024883759598983814
800,9.866666666666667,11.344745479736423,1.0256293486664074,0.0033443338180244456
801,11.133333333333333,0.057008771254956896,0.0,0.0
802,11.133333333333333,0.17102631376487068,0.0,0.0
803,11.133333333333333,0.28504385627478446,0.00014423076923076922,0.00010610706255023157
804,11.133333333333333,0.39906139878469826,0.0007211538461538462,0.00017521228353505552
805,11.133333333333333,0.5130789412946121,0.0016559829059829055,0.0003209433281890844
806,11.133333333333333,0.6270964838045259,0.003671328671328674,0.0007463582679930453
807,11.133333333333333,0.7411140263144397,0.004881656804733726,0.0005820939370863484
808,11.133333333333333,0.8551315688243535,0.008445512820512825,0.0007794960136057456
809,11.133333333333333,0.9691491113342672,0.012386877828054308,0.0008592938656563537
810,11.133333333333333,1.083166653844181,0.01739625506072873,0.0009126499056678732
811,11.133333333333333,1.1971841963540948,0.02683150183150186,0.0020190112142012967
812,11.133333333333333,1.3112017388640087,0.03678929765886287,0.0014275788810299195
813,11.133333333333333,1.4252192813739224,0.05366346153846149,0.0021334938539880454
814,11.133333333333333,1.5392368238838363,0.06714743589743588,0.0021654869309061776
815,11.133333333333333,1.65325436639375,0.09236571618037148,0.002220526886553528
816,11.133333333333333,1.7672719089036637,0.12278225806451604,0.0032376459343285593
817,11.133333333333333,1.8812894514135776,0.15878496503496484,0.002231464660933683
818,11.133333333333333,1.9953069939234913,0.20095467032967076,0.004946222728068779
819,11.133333333333333,2.1093245364334052,0.252676715176715,0.004193540614681903
820,11.133333333333333,2.223342078943319,0.3051651873767254,0.004532384820140777
821,11.133333333333333,2.337359621453233,0.37118316135084556,0.0033441553268141887
822,11.133333333333333,2.4513771639631465,0.4560431574239706,0.004302614962950434
823,11.133333333333333,2.5653947064730604,0.5394017094017088,0.004598171703242111
824,11.133333333333333,2.679412248982974,0.6408602700491004,0.005539097223570173
825,11.133333333333333,2.793429791492888,0.7375294348508633,0.005448318568126113
826,11.133333333333333,2.9074473340028018,0.8337763951734526,0.0036404026396784127
827,11.133333333333333,3.0214648765127157,0.9371326197387523,0.004344719152255315
828,11.133333333333333,3.1354824190226296,1.0296809440559431,0.00493013686143977
829,11.133333333333333,3.249499961532543,1.1060011808367107,0.004858779435152748
830,11.133333333333333,3.3635175040424565,1.1768660365058665,0.005592247790773458
831,11.133333333333333,3.4775350465523704,1.2193489911727602,0.0080935403875392
832,11.133333333333333,3.5915525890622844,1.264877136752137,0.003944267458113603
833,11.133333333333333,3.7055701315721983,1.2780658284023656,0.005105057329064344
834,11.133333333333333,3.819587674082112,1.280733352468425,0.00729501572157758
835,11.133333333333333,3.933605216592026,1.2796474358974357,0.006524842698356253
836,11.133333333333333,4.04762275910194,1.2508091820151734,0.00910669246613123
837,11.133333333333333,4.161640301611854,1.2326527924130661,0.00729468755803614
838,11.133333333333333,4.275657844121767,1.1888878205128195,0.005049116373873881
839,11.133333333333333,4.389675386631682,1.155591283716282,0.004800660749188374
840,11.133333333333333,4.503692929141595,1.1124178432327139,0.00516756915199522
841,11.133333333333333,4.61771047165151,1.0757567663817673,0.005281693902550964
842,11.133333333333333,4.731728014161423,1.040164504170535,0.006301240903880471
843,11.133333333333333,4.845745556671336,1.002723416289592,0.004026893792714089
844,11.133333333333333,4.9597630991812505,0.977594496021219,0.0046608007293996645
845,11.133333333333333,5.0737806416911635,0.9457460025929108,0.005805711869671917
846,11.133333333333333,5.187798184201078,0.9407993448858837,0.002854783081602707
847,11.133333333333333,5.301815726710991,0.9291098014888309,0.003911730301042753
848,11.133333333333333,5.415833269220905,0.935113866396766,0.008412710705405297
849,11.133333333333333,5.529850811730819,0.9320083267248228,0.003950979779754398
850,11.133333333333333,5.643868354240732,0.9445998445998426,0.0037926027575782275
851,11.133333333333333,5.757885896750647,0.9560524562071594,0.005149730539668847
852,11.133333333333333,5.87190343926056,0.9745425690814011,0.003893923662857944
853,11.133333333333333,5.985920981770475,1.0070375457875451,0.005029341656536406
854,11.133333333333333,6.099938524280388,1.0268601725377438,0.003571321147960028
855,11.133333333333333,6.213956066790303,1.0516077099505978,0.004243778838243167
856,11.133333333333333,6.327973609300216,1.0767584892584894,0.004994972266347713
857,11.133333333333333,6.4419911518101305,1.0900910483321955,0.004559975163952113
858,11.133333333333333,6.5560086943200435,1.107884615384625,0.0034343752394530133
859,11.133333333333333,6.6700262368299565,1.1131492439184758,0.0031676845668426523
860,11.133333333333333,6.78404377933987,1.1160168875242382,0.003683607176846212
861,11.133333333333333,6.898061321849784,1.1128595835982196,0.0032113689779590974
862,11.133333333333333,7.012078864359697,1.1044676360225112,0.003572637145797605
863,11.133333333333333,7.126096406869612,1.091928846153845,0.00444531843180068
864,11.133333333333333,7.240113949379525,1.0830973652331926,0.00358991274789807
865,11.133333333333333,7.35413149188944,1.0638286374478219,0.003998857800618481
866,11.133333333333333,7.468149034399353,1.0484842924251319,0.003971075172140037
867,11.133333333333333,7.582166576909268,1.0318807836899915,0.004474546107981223
868,11.133333333333333,7.696184119419181,1.0259348290598282,0.005203302614025818
869,11.133333333333333,7.810201661929096,1.0112278916339144,0.00453065475544836
870,11.133333333333333,7.924219204439009,0.9963077614831196,0.0030501146662425286
871,11.133333333333333,8.038236746948922,0.9894674031642191,0.003538637403767362
872,11.133333333333333,8.152254289458835,0.9788310247444875,0.0037851452182981822
873,11.133333333333333,8.26627183196875,0.9813776525198967,0.003665357370530742
874,11.133333333333333,8.380289374478664,0.9792484301412842,0.0023205560496935497
875,11.133333333333333,8.494306916988577,0.9842846541042832,0.0032676436460823514
876,11.133333333333333,8.60832445949849,0.9908478731533367,0.003163530384388187
877,11.133333333333333,8.722342002008405,1.0126194067370549,0.004227193565341353
878,11.133333333333333,8.83635954451832,1.024531637717117,0.0033860032656302707
879,11.133333333333333,8.950377087028233,1.0472133757961755,0.0039789671441951046
880,11.133333333333333,9.064394629538146,1.0626678156748892,0.00302246850267988
881,11.133333333333333,9.178412172048061,1.0725931677018632,0.004022547637200889
882,11.133333333333333,9.292429714557976,1.0868407857479956,0.0035029899569631816
883,11.133333333333333,9.406447257067889,1.0836334498834526,0.003064182810221717
884,11.133333333333333,9.520464799577802,1.0822158567480535,0.0030931785479527945
885,11.133333333333333,9.634482342087715,1.0713316454255783,0.003298478983220052
886,11.133333333333333,9.748499884597628,1.0602325123706702,0.00391629254169754
887,11.133333333333333,9.862517427107543,1.0532278234770953,0.00307310553763074
888,11.133333333333333,9.976534969617457,1.038085164835167,0.0040198025554707495
889,11.133333333333333,10.09055251212737,1.0245015754019966,0.002284140187202638
890,11.133333333333333,10.204570054637284,1.0200486140954002,0.0030537119157581223
891,11.133333333333333,10.318587597147198,1.0180248618784526,0.0030770188123665078
892,11.133333333333333,10.432605139657113,1.0235051492223632,0.0039023466215517824
893,11.133333333333333,10.546622682167026,1.0258627858627816,0.0037808264433625565
894,11.133333333333333,10.66064022467694,1.0435661764705855,0.0029139901435149013
895,11.133333333333333,10.774657767186854,1.0487382987383036,0.004649922551209611
896,11.133333333333333,10.888675309696767,1.0550191300845813,0.00317771660611142
897,11.133333333333333,11.002692852206682,1.0606055699481876,0.004195290338965671
898,11.133333333333333,11.116710394716595,1.0595894970414221,0.003774796302387428
899,11.133333333333333,11.230727937226508,1.046350302616163,0.0038512645260779226
900,11.133333333333333,11.344745479736423,1.0284680614611506,0.003543622298385212
901,12.399999999999999,0.057008771254956896,0.0,0.0
902,12.399999999999999,0.17102631376487068,8.012820512820513e-5,8.012820512820513e-5
903,12.399999999999999,0.28504385627478446,0.00028846153846153843,0.00014551742066674808
904,12.399999999999999,0.39906139878469826,0.0013392857142857143,0.0007952111939791278
905,12.399999999999999,0.5130789412946121,0.0012820512820512818,0.0003141309309375747
906,12.399999999999999,0.6270964838045259,0.001660839160839162,0.00039186561031507124
907,12.399999999999999,0.7411140263144397,0.005251479289940826,0.0008734440269389941
908,12.399999999999999,0.8551315688243535,0.007692307692307698,0.001377543746513081
909,12.399999999999999,0.9691491113342672,0.010082013574660643,0.0007803643120073316
910,12.399999999999999,1.083166653844181,0.014638157894736829,0.0012495917274234676
911,12.399999999999999,1.1971841963540948,0.02196657509157512,0.001395071130588081
912,12.399999999999999,1.3112017388640087,0.030330267558528426,0.0013997768738454623
913,12.399999999999999,1.4252192813739224,0.043201923076923054,0.0017482224154430697
914,12.399999999999999,1.5392368238838363,0.057781339031339016,0.0017596149068240879
915,12.399999999999999,1.65325436639375,0.08193799734748018,0.0017943430569814537
916,12.399999999999999,1.7672719089036637,0.1082196029776674,0.002565553907197557
917,12.399999999999999,1.8812894514135776,0.14007138694638674,0.0030409372716538804
918,12.399999999999999,1.9953069939234913,0.18192307692307727,0.003591062113314456
919,12.399999999999999,2.1093245364334052,0.2307107588357587,0.0041324540510522725
920,12.399999999999999,2.223342078943319,0.29049556213017685,0.00392573343762755
921,12.399999999999999,2.337359621453233,0.35581027204502946,0.0030382055854487173
922,12.399999999999999,2.4513771639631465,0.4449742844364932,0.0034977447932747056
923,12.399999999999999,2.5653947064730604,0.5255822649572646,0.004167132232584528
924,12.399999999999999,2.679412248982974,0.6284114157119481,0.0061058963314172985
925,12.399999999999999,2.793429791492888,0.7303620486656198,0.0059137818040894425
926,12.399999999999999,2.9074473340028018,0.8349123303167411,0.005156194565899115
927,12.399999999999999,3.0214648765127157,0.9409288824383166,0.004551435295971804
928,12.399999999999999,3.1354824190226296,1.0366783216783209,0.005291296619047704
929,12.399999999999999,3.249499961532543,1.1236293859649156,0.00391347710689401
930,12.399999999999999,3.3635175040424565,1.1992503259452407,0.00825130669354448
931,12.399999999999999,3.4775350465523704,1.2376418663303892,0.005066048639800867
932,12.399999999999999,3.5915525890622844,1.2873397435897438,0.007461323177658296
933,12.399999999999999,3.7055701315721983,1.3036131656804724,0.007932015091240299
934,12.399999999999999,3.819587674082112,1.294815585533867,0.004966135103516926
935,12.399999999999999,3.933605216592026,1.293401616499442,0.009794683964701676
936,12.399999999999999,4.04762275910194,1.2780809859154987,0.004772463182416682
937,12.399999999999999,4.161640301611854,1.2341247365648045,0.007293580161532798
938,12.399999999999999,4.275657844121767,1.2134999999999987,0.005574779733211578
939,12.399999999999999,4.389675386631682,1.1588099400599383,0.0062673981801167
940,12.399999999999999,4.503692929141595,1.117593719571565,0.00629328581728184
941,12.399999999999999,4.61771047165151,1.0793447293447302,0.004694047921602215
942,12.399999999999999,4.731728014161423,1.04041068118629,0.0038736364981641585
943,12.399999999999999,4.845745556671336,1.007960972850678,0.0050939469726161875
944,12.399999999999999,4.9597630991812505,0.9665285145888581,0.006206355775337585
945,12.399999999999999,5.0737806416911635,0.9423455056179755,0.004747738486615415
946,12.399999999999999,5.187798184201078,0.9299054311073544,0.005001036236288661
947,12.399999999999999,5.301815726710991,0.9145135442514446,0.005511731553919934
948,12.399999999999999,5.415833269220905,0.9144357287449436,0.00560060407577329
949,12.399999999999999,5.529850811730819,0.9284545995241886,0.004905420159169464
950,12.399999999999999,5.643868354240732,0.9328719891219871,0.0036225026793157483
951,12.399999999999999,5.757885896750647,0.9485196115765424,0.004081633792063126
952,12.399999999999999,5.87190343926056,0.9709297983569801,0.004568459651872996
953,12.399999999999999,5.985920981770475,0.9992880036630029,0.0032980868641716878
954,12.399999999999999,6.099938524280388,1.0206685837526972,0.0033265705910083153
955,12.399999999999999,6.213956066790303,1.052004675370499,0.0051217454423572615
956,12.399999999999999,6.327973609300216,1.071829521829522,0.0046273429459946155
957,12.399999999999999,6.4419911518101305,1.0862321307011544,0.0035279617964826845
958,12.399999999999999,6.5560086943200435,1.1061057692307787,0.003400866849739964
959,12.399999999999999,6.6700262368299565,1.1144107495069047,0.004887954972170932
960,12.399999999999999,6.78404377933987,1.1159744667097589,0.004194478299039682
961,12.399999999999999,6.898061321849784,1.1242252066115703,0.006390160219564344
962,12.399999999999999,7.012078864359697,1.1121325828642872,0.004584866336724715
963,12.399999999999999,7.126096406869612,1.1031153846153832,0.0060537206642288606
964,12.399999999999999,7.240113949379525,1.0828475166565725,0.005391365478672341
965,12.399999999999999,7.35413149188944,1.0692885360763251,0.003866861606604013
966,12.399999999999999,7.468149034399353,1.0607255578391075,0.003346259961370826
967,12.399999999999999,7.582166576909268,1.0388212116830509,0.0028157991006026095
968,12.399999999999999,7.696184119419181,1.0227849002848997,0.004729874631627514
969,12.399999999999999,7.810201661929096,1.0046006457046612,0.003656797129338976
970,12.399999999999999,7.924219204439009,0.9928887659103471,0.003307412626829957
971,12.399999999999999,8.038236746948922,0.9784352836879511,0.003850988240082429
972,12.399999999999999,8.152254289458835,0.9854424421732128,0.004275287826473248
973,12.399999999999999,8.26627183196875,0.9773872679045122,0.004547554641606438
974,12.399999999999999,8.380289374478664,0.9729068550497093,0.004527506451633292
975,12.399999999999999,8.494306916988577,0.9813129194630856,0.0035830947450074977
976,12.399999999999999,8.60832445949849,0.9883819409067753,0.00448359187143506
977,12.399999999999999,8.722342002008405,1.0040064102564112,0.003330260572067603
978,12.399999999999999,8.83635954451832,1.0236848635235687,0.003140358288400347
979,12.399999999999999,8.950377087028233,1.0437438755511974,0.004054392528862797
980,12.399999999999999,9.064394629538146,1.0626012941461036,0.005929551063142409
981,12.399999999999999,9.178412172048061,1.0754419493549925,0.004341047728267464
982,12.399999999999999,9.292429714557976,1.08583647947145,0.0037649977602681726
983,12.399999999999999,9.406447257067889,1.083875291375294,0.004656291968554843
984,12.399999999999999,9.520464799577802,1.0914843390142908,0.003339638689418621
985,12.399999999999999,9.634482342087715,1.0761350705507493,0.004600434302629838
986,12.399999999999999,9.748499884597628,1.0713408119658119,0.004508948881109077
987,12.399999999999999,9.862517427107543,1.0509518119164016,0.004236807965454104
988,12.399999999999999,9.976534969617457,1.0405920329670353,0.0037201128202214453
989,12.399999999999999,10.09055251212737,1.029663733159493,0.005185104727785616
990,12.399999999999999,10.204570054637284,1.0178663515255677,0.0036515581281486844
991,12.399999999999999,10.318587597147198,1.0106898108797278,0.003392691712216353
992,12.399999999999999,10.432605139657113,1.019934846574192,0.002986749445635811
993,12.399999999999999,10.546622682167026,1.024208679833676,0.003177110481145542
994,12.399999999999999,10.66064022467694,1.0332142122583272,0.004341639729464805
995,12.399999999999999,10.774657767186854,1.05456603581604,0.0037680986053029723
996,12.399999999999999,10.888675309696767,1.0579062625855877,0.0038592105873484542
997,12.399999999999999,11.002692852206682,1.0681621163810293,0.0031779472558615598
998,12.399999999999999,11.116710394716595,1.0587536982248538,0.0041067568220869485
999,12.399999999999999,11.230727937226508,1.0442490726278773,0.004835600065454487
1000,12.399999999999999,11.344745479736423,1.0268046965597204,0.003688543339368892
1001,13.666666666666666,0.057008771254956896,0.0,0.0
1002,13.666666666666666,0.17102631376487068,0.0,0.0
1003,13.666666666666666,0.28504385627478446,4.807692307692308e-5,4.807692307692304e-5
1004,13.666666666666666,0.39906139878469826,0.00030906593406593405,0.0001578513979612598
1005,13.666666666666666,0.5130789412946121,0.0007478632478632476,0.00023264941868951844
1006,13.666666666666666,0.6270964838045259,0.002054195804195806,0.0003857640037614949
1007,13.666666666666666,0.7411140263144397,0.003088017751479289,0.00038569157198747086
1008,13.666666666666666,0.8551315688243535,0.005064102564102566,0.000439163311683062
1009,13.666666666666666,0.9691491113342672,0.008908371040723988,0.0006672128141605117
1010,13.666666666666666,1.083166653844181,0.01220900809716598,0.0007695635056964642
1011,13.666666666666666,1.1971841963540948,0.01959706959706962,0.0008849542081150341
1012,13.666666666666666,1.3112017388640087,0.02576295986622074,0.0009400415136176965
1013,13.666666666666666,1.4252192813739224,0.0387307692307692,0.001544822458018721
1014,13.666666666666666,1.5392368238838363,0.054896723646723614,0.0017579866403108866
1015,13.666666666666666,1.65325436639375,0.07287798408488073,0.0014548451705931476
1016,13.666666666666666,1.7672719089036637,0.09879032258064506,0.00195323648139617
1017,13.666666666666666,1.8812894514135776,0.1282342657342656,0.002253698578514971
1018,13.666666666666666,1.9953069939234913,0.1703296703296706,0.002251233701867645
1019,13.666666666666666,2.1093245364334052,0.21805483367983358,0.0024818819728897987
1020,13.666666666666666,2.223342078943319,0.2780571992110448,0.003572462401349036
1021,13.666666666666666,2.337359621453233,0.34469394934334074,0.003515146900434275
1022,13.666666666666666,2.4513771639631465,0.42207066189624287,0.0041932920386140255
1023,13.666666666666666,2.5653947064730604,0.5207425213675209,0.003292831941236227
1024,13.666666666666666,2.679412248982974,0.6146890343698859,0.004033708816332705
1025,13.666666666666666,2.793429791492888,0.7198145604395602,0.002743630771636445
1026,13.666666666666666,2.9074473340028018,0.8387726244343879,0.003242700784809881
1027,13.666666666666666,3.0214648765127157,0.9487436502177073,0.004164849829771015
1028,13.666666666666666,3.1354824190226296,1.0507080419580408,0.004181836936958257
1029,13.666666666666666,3.249499961532543,1.1365131578947403,0.003778132955611925
1030,13.666666666666666,3.3635175040424565,1.2192715123859184,0.004223051378512957
1031,13.666666666666666,3.4775350465523704,1.2697391235813351,0.004463245751524176
1032,13.666666666666666,3.5915525890622844,1.2995383089133088,0.004419271207348253
1033,13.666666666666666,3.7055701315721983,1.322307692307691,0.0037680561137327572
1034,13.666666666666666,3.819587674082112,1.3188468714121677,0.0042213035840330876
1035,13.666666666666666,3.933605216592026,1.300822185061315,0.004205654756450648
1036,13.666666666666666,4.04762275910194,1.273855633802823,0.005238482124842144
1037,13.666666666666666,4.161640301611854,1.2483930453108534,0.003708573488508873
1038,13.666666666666666,4.275657844121767,1.2041891025641014,0.005041889613460277
1039,13.666666666666666,4.389675386631682,1.1557442557442537,0.003681855484425579
1040,13.666666666666666,4.503692929141595,1.118591772151896,0.0055845832181599725
1041,13.666666666666666,4.61771047165151,1.0696996676163348,0.003953438036261606
1042,13.666666666666666,4.731728014161423,1.024559777571833,0.003220706340539371
1043,13.666666666666666,4.845745556671336,0.995483597285067,0.004237754050996312
1044,13.666666666666666,4.9597630991812505,0.95920921750663,0.004386563691057832
1045,13.666666666666666,5.0737806416911635,0.9446602203975777,0.002724245695770528
1046,13.666666666666666,5.187798184201078,0.9220757607776839,0.003436670844318242
1047,13.666666666666666,5.301815726710991,0.9182640612076068,0.003418805422052779
1048,13.666666666666666,5.415833269220905,0.9078061740890734,0.003670781415928981
1049,13.666666666666666,5.529850811730819,0.9198057097541646,0.0038457368082109233
1050,13.666666666666666,5.643868354240732,0.9284018065268046,0.003907820784016194
1051,13.666666666666666,5.757885896750647,0.9428170220868242,0.003701572303998214
1052,13.666666666666666,5.87190343926056,0.9694734876773684,0.0034773196866311035
1053,13.666666666666666,5.985920981770475,0.9922252747252737,0.003857554646746427
1054,13.666666666666666,6.099938524280388,1.0192757009345805,0.0037686141316233446
1055,13.666666666666666,6.213956066790303,1.0464846506704284,0.0033100443758196903
1056,13.666666666666666,6.327973609300216,1.0775207900207902,0.004249089604297448
1057,13.666666666666666,6.4419911518101305,1.0964963410483288,0.0029475985160932936
1058,13.666666666666666,6.5560086943200435,1.1165217391304443,0.0031504009422019265
1059,13.666666666666666,6.6700262368299565,1.1259286653517433,0.0033565780729300195
1060,13.666666666666666,6.78404377933987,1.1270382191338053,0.003091630642275051
1061,13.666666666666666,6.898061321849784,1.1215730292434836,0.003304209243160684
1062,13.666666666666666,7.012078864359697,1.120911507191992,0.0025141950416978603
1063,13.666666666666666,7.126096406869612,1.106321153846153,0.002639090107903313
1064,13.666666666666666,7.240113949379525,1.097986069049062,0.0033760830850347013
1065,13.666666666666666,7.35413149188944,1.080517665474059,0.003323953409805552
1066,13.666666666666666,7.468149034399353,1.0567436142102176,0.0031528558947709865
1067,13.666666666666666,7.582166576909268,1.0420727299016745,0.0033263445659985715
1068,13.666666666666666,7.696184119419181,1.0214618945868938,0.0033073208040560295
1069,13.666666666666666,7.810201661929096,0.996676726558114,0.0026095686110314395
1070,13.666666666666666,7.924219204439009,0.9845271859435512,0.003379283581110298
1071,13.666666666666666,8.038236746948922,0.9752489088925336,0.0027287369125080984
1072,13.666666666666666,8.152254289458835,0.9686659494351815,0.0026095656336605263
1073,13.666666666666666,8.26627183196875,0.9602138594164484,0.002851079274106913
1074,13.666666666666666,8.380289374478664,0.9662480376766059,0.0030797035729860094
1075,13.666666666666666,8.494306916988577,0.9712554852865242,0.0024782949146484176
1076,13.666666666666666,8.60832445949849,0.982639773306164,0.002752732684342811
1077,13.666666666666666,8.722342002008405,1.0057032428355968,0.0028227007624939326
1078,13.666666666666666,8.83635954451832,1.0250279156327498,0.0031248458279768826
1079,13.666666666666666,8.950377087028233,1.049392148456636,0.0026946087202839907
1080,13.666666666666666,9.064394629538146,1.0611786405418462,0.003072926737293691
1081,13.666666666666666,9.178412172048061,1.0865324892498804,0.0029545994633971566
1082,13.666666666666666,9.292429714557976,1.092235429447854,0.002695354241069374
1083,13.666666666666666,9.406447257067889,1.0954122960372992,0.0032889775542761447
1084,13.666666666666666,9.520464799577802,1.0968951520036962,0.0026677198589766735
1085,13.666666666666666,9.634482342087715,1.088989246700044,0.0029695338224051053
1086,13.666666666666666,9.748499884597628,1.0782388663967606,0.0035561748273356046
1087,13.666666666666666,9.862517427107543,1.054096265006664,0.0028947959427462096
1088,13.666666666666666,9.976534969617457,1.039758241758244,0.0022310189273573554
1089,13.666666666666666,10.09055251212737,1.0181945349847865,0.0036772662097112746
1090,13.666666666666666,10.204570054637284,1.0105044048130623,0.0029952805267449006
1091,13.666666666666666,10.318587597147198,1.001588397790055,0.0024218266128629494
1092,13.666666666666666,10.432605139657113,1.0078013345943682,0.0027339034864250224
1093,13.666666666666666,10.546622682167026,1.0220880977130937,0.0025644654733187875
1094,13.666666666666666,10.66064022467694,1.0365526018099516,0.002464573417275824
1095,13.666666666666666,10.774657767186854,1.0582353988604034,0.003987531294030643
1096,13.666666666666666,10.888675309696767,1.0659497080145042,0.003383032938172406
1097,13.666666666666666,11.002692852206682,1.0665466819449991,0.0030754300778825607
1098,13.666666666666666,11.116710394716595,1.0635404339250514,0.004934658540154487
1099,13.666666666666666,11.230727937226508,1.04262251073799,0.004939099603246844
1100,13.666666666666666,11.344745479736423,1.0237811654425961,0.004847670942379545
1101,14.933333333333334,0.057008771254956896,0.0,0.0
1102,14.933333333333334,0.17102631376487068,8.012820512820513e-5,8.012820512820507e-5
1103,14.933333333333334,0.28504385627478446,0.0001923076923076923,9.138287755990219e-5
1104,14.933333333333334,0.39906139878469826,0.00041208791208791203,0.00028665178996164245
1105,14.933333333333334,0.5130789412946121,0.0008547008547008543,0.0002602868429624923
1106,14.933333333333334,0.6270964838045259,0.0017045454545454558,0.00045278239608869
1107,14.933333333333334,0.7411140263144397,0.0025517751479289933,0.0003808134841686018
1108,14.933333333333334,0.8551315688243535,0.004102564102564104,0.00044411559168432764
1109,14.933333333333334,0.9691491113342672,0.008031674208144803,0.0008521181342655237
1110,14.933333333333334,1.083166653844181,0.011702935222672054,0.000793715014376334
1111,14.933333333333334,1.1971841963540948,0.016918498168498188,0.0009285757838695414
1112,14.933333333333334,1.3112017388640087,0.02699623745819398,0.0013091863423625224
1113,14.933333333333334,1.4252192813739224,0.03642307692307689,0.0012124686255614967
1114,14.933333333333334,1.5392368238838363,0.04857549857549855,0.0014865077546213899
1115,14.933333333333334,1.65325436639375,0.06190318302387276,0.00186110395916626
1116,14.933333333333334,1.7672719089036637,0.09092741935483865,0.0015106831426536479
1117,14.933333333333334,1.8812894514135776,0.12221008158508147,0.002904286343366158
1118,14.933333333333334,1.9953069939234913,0.1591552197802201,0.002473651904213102
1119,14.933333333333334,2.1093245364334052,0.2083939708939708,0.0033259546707610165
1120,14.933333333333334,2.223342078943319,0.2616000986193289,0.0028994055450474124
1121,14.933333333333334,2.337359621453233,0.32650093808630515,0.003351067905675804
1122,14.933333333333334,2.4513771639631465,0.413495080500894,0.0035656508164671353
1123,14.933333333333334,2.5653947064730604,0.5058867521367518,0.0041236686732518514
1124,14.933333333333334,2.679412248982974,0.6060965630114572,0.005537407275031136
1125,14.933333333333334,2.793429791492888,0.7219240580847722,0.003898649203913988
1126,14.933333333333334,2.9074473340028018,0.8319475867269976,0.004914092779242685
1127,14.933333333333334,3.0214648765127157,0.9438452467343978,0.004591468498109557
1128,14.933333333333334,3.1354824190226296,1.0536145104895096,0.005829182210332855
1129,14.933333333333334,3.249499961532543,1.140907557354929,0.005496125252894502
1130,14.933333333333334,3.3635175040424565,1.2286016949152534,0.00541060153608008
1131,14.933333333333334,3.4775350465523704,1.2870074085750296,0.003701169252441875
1132,14.933333333333334,3.5915525890622844,1.320199938949939,0.006396216254059674
1133,14.933333333333334,3.7055701315721983,1.3423002958579868,0.003953438356848092
1134,14.933333333333334,3.819587674082112,1.3328860505166455,0.0046434219669667706
1135,14.933333333333334,3.933605216592026,1.3135765050167219,0.006349490849399344
1136,14.933333333333334,4.04762275910194,1.2951855362946978,0.005362891614416806
1137,14.933333333333334,4.161640301611854,1.2642255005268703,0.005349465155389115
1138,14.933333333333334,4.275657844121767,1.211179487179486,0.006065987794887285
1139,14.933333333333334,4.389675386631682,1.1752716033966017,0.004797579151762307
1140,14.933333333333334,4.503692929141595,1.1108446932813993,0.004169032958559955
1141,14.933333333333334,4.61771047165151,1.067847815764483,0.006716749216566424
1142,14.933333333333334,4.731728014161423,1.0227062094532045,0.0034596740456974773
1143,14.933333333333334,4.845745556671336,0.9793749999999992,0.005434603523652676
1144,14.933333333333334,4.9597630991812505,0.9579271662245784,0.0035567931526942777
1145,14.933333333333334,5.0737806416911635,0.925259291270525,0.004023282608620424
1146,14.933333333333334,5.187798184201078,0.9101199281487746,0.004413590437025903
1147,14.933333333333334,5.301815726710991,0.8961435070306009,0.004020625807121789
1148,14.933333333333334,5.415833269220905,0.8938588056680207,0.004716021980182242
1149,14.933333333333334,5.529850811730819,0.9017272997620951,0.003690434474856999
1150,14.933333333333334,5.643868354240732,0.9154647435897417,0.004256745795380546
1151,14.933333333333334,5.757885896750647,0.9382068735719727,0.0037448730214063065
1152,14.933333333333334,5.87190343926056,0.9630484503360688,0.004354162478299958
1153,14.933333333333334,5.985920981770475,0.9915430402930396,0.004288768146641593
1154,14.933333333333334,6.099938524280388,1.0278194644140914,0.004182472814984316
1155,14.933333333333334,6.213956066790303,1.053482268877909,0.004582622724095817
1156,14.933333333333334,6.327973609300216,1.0852607415107414,0.00470454358349091
1157,14.933333333333334,6.4419911518101305,1.1073838495575188,0.00301936913785109
1158,14.933333333333334,6.5560086943200435,1.1199644648829528,0.004343838665897688
1159,14.933333333333334,6.6700262368299565,1.1449067225509544,0.0040307689451918385
1160,14.933333333333334,6.78404377933987,1.1461275856496425,0.0037904186470805318
1161,14.933333333333334,6.898061321849784,1.1496702161474888,0.004708471010333844
1162,14.933333333333334,7.012078864359697,1.129090447154469,0.004751297263228563
1163,14.933333333333334,7.126096406869612,1.117623076923076,0.005361366149938002
1164,14.933333333333334,7.240113949379525,1.1008195790430053,0.004319848087891922
1165,14.933333333333334,7.35413149188944,1.083909138342276,0.005609481217121871
1166,14.933333333333334,7.468149034399353,1.0626559747504403,0.005017038928449664
1167,14.933333333333334,7.582166576909268,1.0389947223828775,0.004340699344383867
1168,14.933333333333334,7.696184119419181,1.0190099715099705,0.004646141896396627
1169,14.933333333333334,7.810201661929096,0.9955695536215614,0.0033526160549791073
1170,14.933333333333334,7.924219204439009,0.9743082457111218,0.004326122145721294
1171,14.933333333333334,8.038236746948922,0.9617600927441429,0.002805887305448924
1172,14.933333333333334,8.152254289458835,0.9442055540613247,0.0029432471228583446
1173,14.933333333333334,8.26627183196875,0.9508836206896581,0.0037281209719135116
1174,14.933333333333334,8.380289374478664,0.9479330193615877,0.003869971469678229
1175,14.933333333333334,8.494306916988577,0.9646247418688677,0.00352720357444457
1176,14.933333333333334,8.60832445949849,0.9750939251146203,0.004191574857546733
1177,14.933333333333334,8.722342002008405,0.991266025641027,0.003780159034846187
1178,14.933333333333334,8.83635954451832,1.0191842431761742,0.004445244303044037
1179,14.933333333333334,8.950377087028233,1.0469928956393892,0.0037861321003556797
1180,14.933333333333334,9.064394629538146,1.0710041727140764,0.0038726719052825033
1181,14.933333333333334,9.178412172048061,1.0848557692307688,0.002970442112820352
1182,14.933333333333334,9.292429714557976,1.1020336833412,0.003475051644382725
1183,14.933333333333334,9.406447257067889,1.110623543123546,0.003608832269308081
1184,14.933333333333334,9.520464799577802,1.107011457853535,0.004079060177169389
1185,14.933333333333334,9.634482342087715,1.0976203345471083,0.0031416172138358654
1186,14.933333333333334,9.748499884597628,1.0854208839406205,0.0035729940296007645
1187,14.933333333333334,9.862517427107543,1.062262394397504,0.004041976072248267
1188,14.933333333333334,9.976534969617457,1.040042582417585,0.003465633699117347
1189,14.933333333333334,10.09055251212737,1.0135009235115136,0.0034720401114809786
1190,14.933333333333334,10.204570054637284,1.0107367318435738,0.0038067184988521733
1191,14.933333333333334,10.318587597147198,1.0020904164895872,0.0031480683396190407
1192,14.933333333333334,10.432605139657113,1.0057166876839019,0.004146889731262331
1193,14.933333333333334,10.546622682167026,1.0168425155925116,0.00349288213752767
1194,14.933333333333334,10.66064022467694,1.0344739819004498,0.00438712416579579
1195,14.933333333333334,10.774657767186854,1.0507923789173836,0.004216258999397171
1196,14.933333333333334,10.888675309696767,1.0621677406363332,0.003721839906447463
1197,14.933333333333334,11.002692852206682,1.0720593363890003,0.0039666292077112295
1198,14.933333333333334,11.116710394716595,1.059765779092704,0.0046786983955430135
1199,14.933333333333334,11.230727937226508,1.0415779968762173,0.005505882787378852
1200,14.933333333333334,11.344745479736423,1.0307064166988775,0.004646008235008846
1201,16.2,0.057008771254956896,0.0,0.0
1202,16.2,0.17102631376487068,0.0,0.0
1203,16.2,0.28504385627478446,4.807692307692308e-5,4.807692307692304e-5
1204,16.2,0.39906139878469826,0.0005151098901098901,0.0002515208007822754
1205,16.2,0.5130789412946121,0.0009615384615384612,0.00030641737979590877
1206,16.2,0.6270964838045259,0.0012893356643356652,0.0002810378381368655
1207,16.2,0.7411140263144397,0.002200443786982248,0.00035370926531865155
1208,16.2,0.8551315688243535,0.0037820512820512845,0.0004143138380447974
1209,16.2,0.9691491113342672,0.006928733031674213,0.0010853031669570928
1210,16.2,1.083166653844181,0.009425607287449386,0.0007129736255673241
1211,16.2,1.1971841963540948,0.014995421245421268,0.0010885051079934564
1212,16.2,1.3112017388640087,0.021916806020066886,0.0010168500244944203
1213,16.2,1.4252192813739224,0.03378846153846151,0.001150735053101094
1214,16.2,1.5392368238838363,0.04740028490028489,0.0016288473599034461
1215,16.2,1.65325436639375,0.062334217506631394,0.002168827805495337
1216,16.2,1.7672719089036637,0.09036910669975178,0.002024200098167581
1217,16.2,1.8812894514135776,0.11702360139860128,0.0020426187434301425
1218,16.2,1.9953069939234913,0.15625686813186843,0.0023316117509859357
1219,16.2,2.1093245364334052,0.20560031185031172,0.003959489975355852
1220,16.2,2.223342078943319,0.25928870808678456,0.0037647810438512074
1221,16.2,2.337359621453233,0.3320942776735471,0.002829686694982868
1222,16.2,2.4513771639631465,0.4096824686940962,0.0038709161282382367
1223,16.2,2.5653947064730604,0.4947275641025637,0.003191480080311633
1224,16.2,2.679412248982974,0.6073240589198039,0.004434162362254487
1225,16.2,2.793429791492888,0.7208938383045526,0.004367585669470757
1226,16.2,2.9074473340028018,0.8325414781297124,0.006325940688799174
1227,16.2,3.0214648765127157,0.9511384252539914,0.005118843193296792
1228,16.2,3.1354824190226296,1.0623339160839151,0.004798182615427694
1229,16.2,3.249499961532543,1.1549637314439978,0.006661593968430474
1230,16.2,3.3635175040424565,1.2299869621903514,0.005567256018150755
1231,16.2,3.4775350465523704,1.298612862547287,0.005811446988427275
1232,16.2,3.5915525890622844,1.3283692002442007,0.005194580173662792
1233,16.2,3.7055701315721983,1.3466013313609455,0.005225642035164501
1234,16.2,3.819587674082112,1.347502870264062,0.00598411033242128
1235,16.2,3.933605216592026,1.3170150501672235,0.00531179922367972
1236,16.2,4.04762275910194,1.286880417118099,0.006227045750064017
1237,16.2,4.161640301611854,1.2525849578503685,0.005308509605436342
1238,16.2,4.275657844121767,1.1905737179487168,0.006440621808842107
1239,16.2,4.389675386631682,1.163043206793205,0.003696466829207692
1240,16.2,4.503692929141595,1.107178067185976,0.004800101167471979
1241,16.2,4.61771047165151,1.0562500000000006,0.004238210700551208
1242,16.2,4.731728014161423,1.0116977525486628,0.004850996313183123
1243,16.2,4.845745556671336,0.9707975113122164,0.003952692646870051
1244,16.2,4.9597630991812505,0.942039677276745,0.006198225224996874
1245,16.2,5.0737806416911635,0.9223989844425217,0.004118764299003557
1246,16.2,5.187798184201078,0.9071349323753175,0.002715935904757744
1247,16.2,5.301815726710991,0.9013208229942071,0.00301849050020774
1248,16.2,5.415833269220905,0.8926391700404901,0.00334065350100982
1249,16.2,5.529850811730819,0.9090354877081693,0.0031846653808267427
1250,16.2,5.643868354240732,0.9142069735819719,0.0033777543123208113
1251,16.2,5.757885896750647,0.9414627760853009,0.004775095948939792
1252,16.2,5.87190343926056,0.963678584764747,0.004035963409259096
1253,16.2,5.985920981770475,0.990934065934065,0.0036707026499164953
1254,16.2,6.099938524280388,1.0263457045291169,0.002872231766309898
1255,16.2,6.213956066790303,1.0612010409315435,0.005492462302378462
1256,16.2,6.327973609300216,1.0915518884268887,0.003690078289555561
1257,16.2,6.4419911518101305,1.123578965282502,0.003874082911074132
1258,16.2,6.5560086943200435,1.1417600334448257,0.0034203558149921904
1259,16.2,6.6700262368299565,1.1552206607495081,0.004442111803309335
1260,16.2,6.78404377933987,1.1579003716871346,0.004312016047320948
1261,16.2,6.898061321849784,1.1534627304513667,0.0036239205704941247
1262,16.2,7.012078864359697,1.1471935584740431,0.004488095610261985
1263,16.2,7.126096406869612,1.1202692307692297,0.0035634233900729865
1264,16.2,7.240113949379525,1.1047698364627505,0.0034759138117444115
1265,16.2,7.35413149188944,1.0873639683959433,0.0032025352285073704
1266,16.2,7.468149034399353,1.0595217997651203,0.003669359149295196
1267,16.2,7.582166576909268,1.0319747686523972,0.003526296686141432
1268,16.2,7.696184119419181,1.00420762108262,0.0033365622391933127
1269,16.2,7.810201661929096,0.983309938236946,0.00427141108318297
1270,16.2,7.924219204439009,0.968130879911454,0.0035885705590730714
1271,16.2,8.038236746948922,0.954408756137487,0.0027613320158548964
1272,16.2,8.152254289458835,0.9384161511565371,0.002758312049053617
1273,16.2,8.26627183196875,0.934288793103451,0.0030645480497773223
1274,16.2,8.380289374478664,0.9437679879644134,0.0037782363866738266
1275,16.2,8.494306916988577,0.9493498322147635,0.0031905246224104246
1276,16.2,8.60832445949849,0.9625891492613347,0.003899872228519413
1277,16.2,8.722342002008405,0.9945261437908508,0.004598013338794353
1278,16.2,8.83635954451832,1.0272720223325014,0.0047210730906944685
1279,16.2,8.950377087028233,1.0498055487506093,0.004049677860383327
1280,16.2,9.064394629538146,1.0788779027576179,0.0033237949202346703
1281,16.2,9.178412172048061,1.0980515408504536,0.004078890305915219
1282,16.2,9.292429714557976,1.1110001769702704,0.0040823591330378176
1283,16.2,9.406447257067889,1.1171911421911451,0.0033371283195786938
1284,16.2,9.520464799577802,1.114018597420555,0.004597786050803052
1285,16.2,9.634482342087715,1.100665680473371,0.0037729859662926093
1286,16.2,9.748499884597628,1.082217161493477,0.003925351531303349
1287,16.2,9.862517427107543,1.0587900177856768,0.004477376161827827
1288,16.2,9.976534969617457,1.0351579670329696,0.0035295988523537203
1289,16.2,10.09055251212737,1.0109531182094713,0.004446603773741202
1290,16.2,10.204570054637284,1.0072249677696592,0.0038104596005400174
1291,16.2,10.318587597147198,0.9936410964725877,0.0024292497713508773
1292,16.2,10.432605139657113,1.006781998738967,0.0037406346838798677
1293,16.2,10.546622682167026,1.0211941268191225,0.004477654151670034
1294,16.2,10.66064022467694,1.0423025503907826,0.004480499858641773
1295,16.2,10.774657767186854,1.0576834045584091,0.0037555825273308014
1296,16.2,10.888675309696767,1.0606411095449113,0.0037718293916849874
1297,16.2,11.002692852206682,1.067241679952173,0.0038317370281594305
1298,16.2,11.116710394716595,1.0526602564102587,0.00548134935585946
1299,16.2,11.230727937226508,1.0412009468957413,0.0047364745223465315
1300,16.2,11.344745479736423,1.033339775802086,0.004208095760117416
1301,17.466666666666665,0.057008771254956896,0.0,0.0
1302,17.466666666666665,0.17102631376487068,0.0,0.0
1303,17.466666666666665,0.28504385627478446,9.615384615384615e-5,9.615384615384609e-5
1304,17.466666666666665,0.39906139878469826,0.0001717032967032967,0.00010002433131077031
1305,17.466666666666665,0.5130789412946121,0.0011217948717948715,0.0002958717954332978
1306,17.466666666666665,0.6270964838045259,0.00222902097902098,0.0006164531940879467
1307,17.466666666666665,0.7411140263144397,0.002403846153846153,0.00034328071794907623
1308,17.466666666666665,0.8551315688243535,0.00309294871794872,0.00036804991576321386
1309,17.466666666666665,0.9691491113342672,0.005246040723981905,0.00043711068256862645
1310,17.466666666666665,1.083166653844181,0.010311234817813755,0.0008759752889181525
1311,17.466666666666665,1.1971841963540948,0.014136904761904785,0.000820369355108167
1312,17.466666666666665,1.3112017388640087,0.021122491638795992,0.0011868416149801303
1313,17.466666666666665,1.4252192813739224,0.02903846153846151,0.0009679685743393576
1314,17.466666666666665,1.5392368238838363,0.04195156695156694,0.001062616586696735
1315,17.466666666666665,1.65325436639375,0.0568219496021221,0.0014962190373950823
1316,17.466666666666665,1.7672719089036637,0.08002481389578159,0.0012976214208572983
1317,17.466666666666665,1.8812894514135776,0.10938956876456865,0.0018692387196513967
1318,17.466666666666665,1.9953069939234913,0.141806318681319,0.001745253292457029
1319,17.466666666666665,2.1093245364334052,0.19000129937629928,0.0021465081300700013
1320,17.466666666666665,2.223342078943319,0.24750369822485158,0.002596356434536299
1321,17.466666666666665,2.337359621453233,0.31268761726078903,0.002466162730376364
1322,17.466666666666665,2.4513771639631465,0.39743962432915875,0.002578555527987373
1323,17.466666666666665,2.5653947064730604,0.4820192307692305,0.003145474057984859
1324,17.466666666666665,2.679412248982974,0.5965374386252048,0.003983599846749343
1325,17.466666666666665,2.793429791492888,0.709855769230769,0.0052088731670511465
1326,17.466666666666665,2.9074473340028018,0.8321691176470576,0.004049131965507854
1327,17.466666666666665,3.0214648765127157,0.9515919811320757,0.004005858654370483
1328,17.466666666666665,3.1354824190226296,1.0609833916083908,0.0032535820005232118
1329,17.466666666666665,3.249499961532543,1.1729799257759819,0.005014487470553294
1330,17.466666666666665,3.3635175040424565,1.2454693611473266,0.005010067750380814
1331,17.466666666666665,3.4775350465523704,1.3106320933165179,0.005067612928668275
1332,17.466666666666665,3.5915525890622844,1.3421665140415142,0.004057765187443581
1333,17.466666666666665,3.7055701315721983,1.3584356508875728,0.005661066131099786
1334,17.466666666666665,3.819587674082112,1.3580080367393776,0.004364588835210298
1335,17.466666666666665,3.933605216592026,1.3356535674470453,0.004842456921806648
1336,17.466666666666665,4.04762275910194,1.302979414951252,0.005659475215139345
1337,17.466666666666665,4.161640301611854,1.2562302423603793,0.004494783675830399
1338,17.466666666666665,4.275657844121767,1.215830128205127,0.005885932264744612
1339,17.466666666666665,4.389675386631682,1.1600836663336644,0.00418219870014815
1340,17.466666666666665,4.503692929141595,1.108675146056473,0.004320214917589781
1341,17.466666666666665,4.61771047165151,1.0559146486229825,0.0030013585464356983
1342,17.466666666666665,4.731728014161423,1.0065367238183571,0.0036054513438719933
1343,17.466666666666665,4.845745556671336,0.9680062217194563,0.003609817033027027
1344,17.466666666666665,4.9597630991812505,0.9422441423518998,0.0031680213844605745
1345,17.466666666666665,5.0737806416911635,0.9106714563526342,0.003011639772118257
1346,17.466666666666665,5.187798184201078,0.8900280008453085,0.0037073570967723632
1347,17.466666666666665,5.301815726710991,0.8835013440860185,0.003523420577742245
1348,17.466666666666665,5.415833269220905,0.8884817813765226,0.003935289583560592
1349,17.466666666666665,5.529850811730819,0.8985130848532923,0.004248004582509071
1350,17.466666666666665,5.643868354240732,0.906876456876455,0.004106156004475957
1351,17.466666666666665,5.757885896750647,0.9275609291698403,0.0032244870933857825
1352,17.466666666666665,5.87190343926056,0.958693521284538,0.004463773549745168
1353,17.466666666666665,5.985920981770475,0.9888621794871784,0.003207159067562004
1354,17.466666666666665,6.099938524280388,1.0309601905104255,0.003730674912470587
1355,17.466666666666665,6.213956066790303,1.0626168842625248,0.004112673235325162
1356,17.466666666666665,6.327973609300216,1.0956059424809426,0.003149982357174948
1357,17.466666666666665,6.4419911518101305,1.1297715282505072,0.0032900532740226134
1358,17.466666666666665,6.5560086943200435,1.1514945652174016,0.0027460103763749908
1359,17.466666666666665,6.6700262368299565,1.1666255752794226,0.0033969602385616124
1360,17.466666666666665,6.78404377933987,1.1687904007756929,0.004138016181256302
1361,17.466666666666665,6.898061321849784,1.1665070724729816,0.0030676316819526327
1362,17.466666666666665,7.012078864359697,1.157766572858033,0.0028528576013863148
1363,17.466666666666665,7.126096406869612,1.1348019230769222,0.0038062124445852326
1364,17.466666666666665,7.240113949379525,1.1198213204118723,0.0037035353221012944
1365,17.466666666666665,7.35413149188944,1.090442382230171,0.003212965212445277
1366,17.466666666666665,7.468149034399353,1.0629220493247213,0.00322148152868144
1367,17.466666666666665,7.582166576909268,1.0311758964719466,0.0027844603467321893
1368,17.466666666666665,7.696184119419181,1.0029166666666658,0.0027888341738870593
1369,17.466666666666665,7.810201661929096,0.9774249017405958,0.002589697504448268
1370,17.466666666666665,7.924219204439009,0.9549097260653001,0.0034919377879587847
1371,17.466666666666665,8.038236746948922,0.9386252045826591,0.0029092853566973064
1372,17.466666666666665,8.152254289458835,0.9285973641742887,0.0028760721605880922
1373,17.466666666666665,8.26627183196875,0.926291445623345,0.002383043974519239
1374,17.466666666666665,8.380289374478664,0.930314625850337,0.0025918312722875486
1375,17.466666666666665,8.494306916988577,0.9454746386164157,0.0030836408911944693
1376,17.466666666666665,8.60832445949849,0.9594418619460011,0.0037013078537481625
1377,17.466666666666665,8.722342002008405,0.9849547511312229,0.00354647112648187
1378,17.466666666666665,8.83635954451832,1.0181125930521049,0.0031471733985967156
1379,17.466666666666665,8.950377087028233,1.0465978686918145,0.0035620093805582833
1380,17.466666666666665,9.064394629538146,1.0833817126269938,0.00372856728707819
1381,17.466666666666665,9.178412172048061,1.1051540850453894,0.0031328200250581
1382,17.466666666666665,9.292429714557976,1.1214959886739042,0.0035512255245755643
1383,17.466666666666665,9.406447257067889,1.130174825174828,0.002593163419956728
1384,17.466666666666665,9.520464799577802,1.1228538116075657,0.0034540262058838267
1385,17.466666666666665,9.634482342087715,1.1037935252617188,0.0040092131102021575
1386,17.466666666666665,9.748499884597628,1.0851397323436796,0.0046597588562180825
1387,17.466666666666665,9.862517427107543,1.060770064473093,0.004451060163919183
1388,17.466666666666665,9.976534969617457,1.037788461538464,0.004502996617600631
1389,17.466666666666665,10.09055251212737,1.010384072142544,0.003270005730161315
1390,17.466666666666665,10.204570054637284,1.0012623549634707,0.003020924732464264
1391,17.466666666666665,10.318587597147198,0.9965536017849552,0.0032179512199276648
1392,17.466666666666665,10.432605139657113,1.005501261034049,0.003544284551904242
1393,17.466666666666665,10.546622682167026,1.0161135654885616,0.004275456196243466
1394,17.466666666666665,10.66064022467694,1.0353841011929217,0.004365937829316228
1395,17.466666666666665,10.774657767186854,1.0561202686202733,0.004276380266440315
1396,17.466666666666665,10.888675309696767,1.0635609645590072,0.003403282965626094
1397,17.466666666666665,11.002692852206682,1.0668480968513359,0.002683057414283934
1398,17.466666666666665,11.116710394716595,1.0573742603550318,0.004279505985945988
1399,17.466666666666665,11.230727937226508,1.0371668781725862,0.0051381392425684
1400,17.466666666666665,11.344745479736423,1.034469221105526,0.004122425732431427
1401,18.733333333333334,0.057008771254956896,0.0,0.0
1402,18.733333333333334,0.17102631376487068,8.012820512820513e-5,8.012820512820507e-5
1403,18.733333333333334,0.28504385627478446,0.0001923076923076923,0.00011455449945793667
1404,18.733333333333334,0.39906139878469826,0.00030906593406593405,0.00013271447027959655
1405,18.733333333333334,0.5130789412946121,0.0009081196581196577,0.0002792254592108122
1406,18.733333333333334,0.6270964838045259,0.0012019230769230776,0.0003924744788836446
1407,18.733333333333334,0.7411140263144397,0.0029585798816568034,0.0008526898030893989
1408,18.733333333333334,0.8551315688243535,0.0030128205128205146,0.0003871915378905656
1409,18.733333333333334,0.9691491113342672,0.005401583710407244,0.0004677127557047269
1410,18.733333333333334,1.083166653844181,0.0077555668016194255,0.0008448898239218852
1411,18.733333333333334,1.1971841963540948,0.012271062271062288,0.0008693801411977586
1412,18.733333333333334,1.3112017388640087,0.019262123745819405,0.0009531890131776743
1413,18.733333333333334,1.4252192813739224,0.029326923076923053,0.001606405239493457
1414,18.733333333333334,1.5392368238838363,0.04058938746438744,0.0016244325998671658
1415,18.733333333333334,1.65325436639375,0.0555205570291778,0.001608509135741646
1416,18.733333333333334,1.7672719089036637,0.0754575062034739,0.002474209158297965
1417,18.733333333333334,1.8812894514135776,0.10214889277389265,0.00228382820070893
1418,18.733333333333334,1.9953069939234913,0.14344780219780248,0.0035440204482083152
1419,18.733333333333334,2.1093245364334052,0.1914371101871101,0.0028711208695346
1420,18.733333333333334,2.223342078943319,0.24018737672583781,0.0032322014747179946
1421,18.733333333333334,2.337359621453233,0.3041920731707329,0.003906530181350824
1422,18.733333333333334,2.4513771639631465,0.3859235241502678,0.003845201210586465
1423,18.733333333333334,2.5653947064730604,0.4893376068376065,0.004936524009657939
1424,18.733333333333334,2.679412248982974,0.59897197217676,0.00557735323139394
1425,18.733333333333334,2.793429791492888,0.7165178571428569,0.00483330601690856
1426,18.733333333333334,2.9074473340028018,0.837448152337857,0.0036175852052053293
1427,18.733333333333334,3.0214648765127157,0.9544130986937591,0.0032981633764229577
1428,18.733333333333334,3.1354824190226296,1.0764685314685303,0.005628477342315027
1429,18.733333333333334,3.249499961532543,1.1690536437247,0.006546234138138443
1430,18.733333333333334,3.3635175040424565,1.2496088657105604,0.0053240776813645325
1431,18.733333333333334,3.4775350465523704,1.3172209962168961,0.005313409976504343
1432,18.733333333333334,3.5915525890622844,1.3470657814407816,0.005401659029006011
1433,18.733333333333334,3.7055701315721983,1.3687721893491114,0.007464500370214193
1434,18.733333333333334,3.819587674082112,1.3574806257175636,0.0075186527079458216
1435,18.733333333333334,3.933605216592026,1.33052536231884,0.00452693710229292
1436,18.733333333333334,4.04762275910194,1.289758261105098,0.005687091846971117
1437,18.733333333333334,4.161640301611854,1.247882639620653,0.006775397625336569
1438,18.733333333333334,4.275657844121767,1.1975961538461526,0.004527984002564937
1439,18.733333333333334,4.389675386631682,1.1443868631368614,0.0043403714621740525
1440,18.733333333333334,4.503692929141595,1.093001460564749,0.005719966753006504
1441,18.733333333333334,4.61771047165151,1.0520714624881298,0.004566382152075676
1442,18.733333333333334,4.731728014161423,0.9998551899907385,0.004411291875459857
1443,18.733333333333334,4.845745556671336,0.9627488687782796,0.005663445467701732
1444,18.733333333333334,4.9597630991812505,0.9421225685234289,0.003710591456237943
1445,18.733333333333334,5.0737806416911635,0.9139558124459791,0.005186279882768609
1446,18.733333333333334,5.187798184201078,0.8914042688081152,0.005574056211435126
1447,18.733333333333334,5.301815726710991,0.8839769437551669,0.0036588721960490113
1448,18.733333333333334,5.415833269220905,0.8871988866396806,0.004022203071867097
1449,18.733333333333334,5.529850811730819,0.8944166336241092,0.003696644580246428
1450,18.733333333333334,5.643868354240732,0.9091249028749008,0.004022321229421505
1451,18.733333333333334,5.757885896750647,0.9389470677837017,0.00593206953525337
1452,18.733333333333334,5.87190343926056,0.9580120425690781,0.005045357303049837
1453,18.733333333333334,5.985920981770475,0.9996794871794863,0.0043317354000816785
1454,18.733333333333334,6.099938524280388,1.0366215851905118,0.005244725911544568
1455,18.733333333333334,6.213956066790303,1.0750485179957638,0.003980242185611103
1456,18.733333333333334,6.327973609300216,1.1133164414414416,0.005228982497899965
1457,18.733333333333334,6.4419911518101305,1.1430437372362119,0.00488817125681286
1458,18.733333333333334,6.5560086943200435,1.166429765886298,0.004257109566816687
1459,18.733333333333334,6.6700262368299565,1.1737446581196591,0.004216546667361464
1460,18.733333333333334,6.78404377933987,1.1759494182288277,0.003986573522064251
1461,18.733333333333334,6.898061321849784,1.177380006357279,0.0036013579637383833
1462,18.733333333333334,7.012078864359697,1.167856863664787,0.004570444489463515
1463,18.733333333333334,7.126096406869612,1.1437076923076912,0.005624342425138496
1464,18.733333333333334,7.240113949379525,1.113660281647487,0.004592099665435809
1465,18.733333333333334,7.35413149188944,1.0874552772808568,0.004759376990341374
1466,18.733333333333334,7.468149034399353,1.0529928802113917,0.004993826461234703
1467,18.733333333333334,7.582166576909268,1.0181336755349886,0.004414256396522188
1468,18.733333333333334,7.696184119419181,0.9936111111111101,0.0038503593148507807
1469,18.733333333333334,7.810201661929096,0.9648389247613706,0.0038227354358283372
1470,18.733333333333334,7.924219204439009,0.9375086469286095,0.004348152007279352
1471,18.733333333333334,8.038236746948922,0.9279374659028986,0.004393978105111016
1472,18.733333333333334,8.152254289458835,0.9134581764389471,0.00326701147407658
1473,18.733333333333334,8.26627183196875,0.9209217506631331,0.0026804010315796055
1474,18.733333333333334,8.380289374478664,0.9244799843014101,0.0045130217411562985
1475,18.733333333333334,8.494306916988577,0.9399102994321098,0.0036639084656040714
1476,18.733333333333334,8.60832445949849,0.9643371115639326,0.003911772419489796
1477,18.733333333333334,8.722342002008405,0.9919667546505794,0.0037177368649341735
1478,18.733333333333334,8.83635954451832,1.024624689826298,0.004268752897153266
1479,18.733333333333334,8.950377087028233,1.0629623958843673,0.00507841008840236
1480,18.733333333333334,9.064394629538146,1.0872807813255907,0.003887167354762172
1481,18.733333333333334,9.178412172048061,1.1113682513139034,0.0042525167407074125
1482,18.733333333333334,9.292429714557976,1.1213485134497418,0.004491658656651974
1483,18.733333333333334,9.406447257067889,1.1354297785547813,0.004715939463274331
1484,18.733333333333334,9.520464799577802,1.1262407876554699,0.004114217729945748
1485,18.733333333333334,9.634482342087715,1.108845869367317,0.004195583067707033
1486,18.733333333333334,9.748499884597628,1.0809069950517316,0.005636689817343147
1487,18.733333333333334,9.862517427107543,1.056764117385499,0.004524449612378582
1488,18.733333333333334,9.976534969617457,1.0357458791208816,0.00394128007133505
1489,18.733333333333334,10.09055251212737,1.0102346805736608,0.003452715878785382
1490,18.733333333333334,10.204570054637284,0.9926273098409956,0.004722574673755296
1491,18.733333333333334,10.318587597147198,0.9911270186995321,0.003612701875462367
1492,18.733333333333334,10.432605139657113,0.9981885771332505,0.0038004544667334184
1493,18.733333333333334,10.546622682167026,1.0171673596673556,0.004961367305498535
1494,18.733333333333334,10.66064022467694,1.0425210818593142,0.005289374098169644
1495,18.733333333333334,10.774657767186854,1.056874491249496,0.0036858009021152557
1496,18.733333333333334,10.888675309696767,1.0671566653242104,0.003934442245799045
1497,18.733333333333334,11.002692852206682,1.0690688521323244,0.0035800206840191904
1498,18.733333333333334,11.116710394716595,1.0533025147929014,0.004080502308558845
1499,18.733333333333334,11.230727937226508,1.036100400234281,0.003613895343511949
1500,18.733333333333334,11.344745479736423,1.0379916408967902,0.003758632786503882
1501,20.0,0.057008771254956896,0.0,0.0
1502,20.0,0.17102631376487068,0.00016025641025641026,0.00016025641025641015
1503,20.0,0.28504385627478446,0.0001923076923076923,0.00013377083531543318
1504,20.0,0.39906139878469826,0.00030906593406593405,0.00017950208092123648
1505,20.0,0.5130789412946121,0.000534188034188034,0.0002021644523857521
1506,20.0,0.6270964838045259,0.0006118881118881123,0.000192921931909512
1507,20.0,0.7411140263144397,0.0017011834319526618,0.0004683580895164224
1508,20.0,0.8551315688243535,0.0027724358974358988,0.0004921707741220267
1509,20.0,0.9691491113342672,0.004977375565610864,0.0005860417428079037
1510,20.0,1.083166653844181,0.006313259109311735,0.0006107762350076673
1511,20.0,1.1971841963540948,0.011893315018315037,0.0008933185916154589
1512,20.0,1.3112017388640087,0.017130016722408034,0.0010074642976941855
1513,20.0,1.4252192813739224,0.026730769230769204,0.001312627528593809
1514,20.0,1.5392368238838363,0.039423076923076915,0.0019125280390191479
1515,20.0,1.65325436639375,0.05490716180371359,0.0018185930265719442
1516,20.0,1.7672719089036637,0.07556606699751857,0.0016141720673576471
1517,20.0,1.8812894514135776,0.10182837995337979,0.0022962269272646108
1518,20.0,1.9953069939234913,0.13675137362637388,0.0022734185816989075
1519,20.0,2.1093245364334052,0.18376429313929304,0.00261788543007432
1520,20.0,2.223342078943319,0.23848619329388518,0.002826522880453159
1521,20.0,2.337359621453233,0.29834662288930686,0.003908771547455318
1522,20.0,2.4513771639631465,0.39329159212880094,0.004787447292590499
1523,20.0,2.5653947064730604,0.4854380341880338,0.004093474541893948
1524,20.0,2.679412248982974,0.587540916530279,0.004246214555178543
1525,20.0,2.793429791492888,0.7112293956043955,0.005134329081274455
1526,20.0,2.9074473340028018,0.8340592006033172,0.004193328718723631
1527,20.0,3.0214648765127157,0.9574791364296085,0.003739512783137764
1528,20.0,3.1354824190226296,1.0697814685314677,0.00459935651067746
1529,20.0,3.249499961532543,1.1684294871794905,0.004968139033255023
1530,20.0,3.3635175040424565,1.2539806062581476,0.006768387841270908
1531,20.0,3.4775350465523704,1.3095011034047903,0.006460476457191363
1532,20.0,3.5915525890622844,1.339785561660562,0.006230161140895596
1533,20.0,3.7055701315721983,1.3668232248520698,0.005992419861313056
1534,20.0,3.819587674082112,1.3605159299655547,0.005195897542700848
1535,20.0,3.933605216592026,1.3319154124860637,0.007097383303825703
1536,20.0,4.04762275910194,1.2947284669555856,0.0050276232847195285
1537,20.0,4.161640301611854,1.2526080084299258,0.005602571398722762
1538,20.0,4.275657844121767,1.2007532051282042,0.006166669864055817
1539,20.0,4.389675386631682,1.157667332667331,0.005871675815794028
1540,20.0,4.503692929141595,1.09926363193768,0.004704431692199367
1541,20.0,4.61771047165151,1.0471777065527073,0.004299918737268087
1542,20.0,4.731728014161423,1.0019201807228981,0.003850881290905021
1543,20.0,4.845745556671336,0.9633144796380083,0.0038451507488417628
1544,20.0,4.9597630991812505,0.9253315649867363,0.0036372835530716022
1545,20.0,5.0737806416911635,0.905917783059635,0.0034372856835643145
1546,20.0,5.187798184201078,0.8925084530853764,0.004264659791445247
1547,20.0,5.301815726710991,0.8809475806451587,0.004491091815835674
1548,20.0,5.415833269220905,0.8844736842105306,0.004886422239960405
1549,20.0,5.529850811730819,0.889869151467091,0.004933734800091805
1550,20.0,5.643868354240732,0.9045891608391589,0.004407565942513978
1551,20.0,5.757885896750647,0.9334586824067025,0.004207105623029487
1552,20.0,5.87190343926056,0.9577203136669126,0.004972216069831443
1553,20.0,5.985920981770475,0.9973603479853473,0.004330707022402262
1554,20.0,6.099938524280388,1.0333954888569385,0.00437336982551646
1555,20.0,6.213956066790303,1.080597212420605,0.004196231131725002
1556,20.0,6.327973609300216,1.1076295045045046,0.003764937628704425
1557,20.0,6.4419911518101305,1.1494064840027194,0.0032372270288402783
1558,20.0,6.5560086943200435,1.1734657190635551,0.004928130846877042
1559,20.0,6.6700262368299565,1.1897250986193304,0.004844096907782186
1560,20.0,6.78404377933987,1.1971113445378132,0.0054703040590978365
1561,20.0,6.898061321849784,1.186546408137317,0.004588859266867064
1562,20.0,7.012078864359697,1.168173467792367,0.004332819898599682
1563,20.0,7.126096406869612,1.1516557692307683,0.004019401183061363
1564,20.0,7.240113949379525,1.1227040430042405,0.004105039717193515
1565,20.0,7.35413149188944,1.0944320214669032,0.004128345328752001
1566,20.0,7.468149034399353,1.0564977246036402,0.003830732731641243
1567,20.0,7.582166576909268,1.0244180161943293,0.0036921833206509753
1568,20.0,7.696184119419181,0.9941933760683751,0.003855825877327418
1569,20.0,7.810201661929096,0.9668058674901748,0.0030166418229704696
1570,20.0,7.924219204439009,0.9482688848920848,0.004158770793106267
1571,20.0,8.038236746948922,0.9237435215493797,0.0030811370604973665
1572,20.0,8.152254289458835,0.9120814281871986,0.0042524866252591255
1573,20.0,8.26627183196875,0.9075845490716206,0.0037242054595349803
1574,20.0,8.380289374478664,0.9124444008372549,0.00342511071497635
1575,20.0,8.494306916988577,0.9253452503871952,0.004068439642912797
1576,20.0,8.60832445949849,0.9476136653082017,0.0034754226042482766
1577,20.0,8.722342002008405,0.9804424333836113,0.0033293182174336153
1578,20.0,8.83635954451832,1.0144990694789036,0.003613188037113251
1579,20.0,8.950377087028233,1.0491609505144508,0.002881943063305427
1580,20.0,9.064394629538146,1.0773902394775017,0.0038836648699103827
1581,20.0,9.178412172048061,1.1053631151457237,0.004540906505782327
1582,20.0,9.292429714557976,1.127632432751299,0.0049530394375300445
1583,20.0,9.406447257067889,1.139793123543127,0.004496814403738349
1584,20.0,9.520464799577802,1.1379203132197264,0.003792865876917603
1585,20.0,9.634482342087715,1.126071062812925,0.0039037616064100267
1586,20.0,9.748499884597628,1.1006002586594688,0.0038310209200037256
1587,20.0,9.862517427107543,1.073322865718091,0.005137214253905344
1588,20.0,9.976534969617457,1.04133241758242,0.004837863172465046
1589,20.0,10.09055251212737,1.014751738374617,0.004031153212989565
1590,20.0,10.204570054637284,0.9986691555651039,0.003844509976181496
1591,20.0,10.318587597147198,0.9891348810029745,0.004086915595641276
1592,20.0,10.432605139657113,0.9963167297183703,0.004126942712897987
1593,20.0,10.546622682167026,1.0076767151767114,0.003865913761065787
1594,20.0,10.66064022467694,1.0303077437268584,0.003983160841020017
1595,20.0,10.774657767186854,1.0463471713471757,0.006031178463962331
1596,20.0,10.888675309696767,1.063537051953288,0.00463265857740706
1597,20.0,11.002692852206682,1.0660422479075338,0.00368181758919757
1598,20.0,11.116710394716595,1.055590483234716,0.005170160758988992
1599,20.0,11.230727937226508,1.0378563061304151,0.0063877378897088
1600,20.0,11.344745479736423,1.0408339775802073,0.005566189294677195
